Index,Date,Weekday,Departure Time,Arrivel Time,Price
0,2017-09-07,Thursday,8:15 am,12:14 pm,$36
1,2017-09-07,Thursday,8:15 am,12:14 pm,SOLD OUT
2,2017-09-07,Thursday,10:50 am,3:14 pm,$36
3,2017-09-07,Thursday,5:15 pm,8:20 pm,$29
4,2017-09-08,Friday,8:15 am,12:14 pm,$34
5,2017-09-08,Friday,8:15 am,12:14 pm,$44
6,2017-09-08,Friday,10:50 am,3:14 pm,$34
7,2017-09-08,Friday,5:15 pm,8:20 pm,$29
8,2017-09-08,Friday,6:05 pm,9:55 pm,$38
9,2017-09-09,Saturday,8:15 am,12:14 pm,$33
10,2017-09-09,Saturday,8:15 am,12:14 pm,$43
11,2017-09-09,Saturday,10:50 am,3:14 pm,$36
12,2017-09-09,Saturday,10:50 am,4:45 pm,$41
13,2017-09-09,Saturday,10:50 am,6:55 pm,$41
14,2017-09-09,Saturday,5:15 pm,8:20 pm,$29
15,2017-09-10,Sunday,8:15 am,12:14 pm,$34
16,2017-09-10,Sunday,8:15 am,12:14 pm,$44
17,2017-09-10,Sunday,10:50 am,3:14 pm,$38
18,2017-09-10,Sunday,10:50 am,4:45 pm,$41
19,2017-09-10,Sunday,4:25 pm,8:20 pm,$40
20,2017-09-10,Sunday,5:15 pm,8:20 pm,$29
21,2017-09-10,Sunday,4:25 pm,8:35 pm,$38
22,2017-09-11,Monday,8:15 am,12:14 pm,$33
23,2017-09-11,Monday,8:15 am,12:14 pm,$43
24,2017-09-11,Monday,10:50 am,3:14 pm,$33
25,2017-09-11,Monday,5:15 pm,8:20 pm,$29
26,2017-09-12,Tuesday,8:15 am,12:14 pm,$23
27,2017-09-12,Tuesday,8:15 am,12:14 pm,$33
28,2017-09-12,Tuesday,10:50 am,3:14 pm,$23
29,2017-09-12,Tuesday,5:15 pm,8:20 pm,$28
30,2017-09-13,Wednesday,8:15 am,12:14 pm,$22
31,2017-09-13,Wednesday,8:15 am,12:14 pm,$32
32,2017-09-13,Wednesday,10:50 am,3:14 pm,$23
33,2017-09-13,Wednesday,5:15 pm,8:20 pm,$28
34,2017-09-14,Thursday,8:15 am,12:14 pm,$22
35,2017-09-14,Thursday,8:15 am,12:14 pm,$32
36,2017-09-14,Thursday,10:50 am,3:14 pm,$23
37,2017-09-14,Thursday,5:15 pm,8:20 pm,$28
38,2017-09-15,Friday,8:15 am,12:14 pm,$24
39,2017-09-15,Friday,8:15 am,12:14 pm,$34
40,2017-09-15,Friday,10:50 am,3:14 pm,$25
41,2017-09-15,Friday,5:15 pm,8:20 pm,$29
42,2017-09-15,Friday,6:05 pm,9:55 pm,$34
43,2017-09-16,Saturday,8:15 am,12:14 pm,$22
44,2017-09-16,Saturday,8:15 am,12:14 pm,$32
45,2017-09-16,Saturday,10:50 am,3:14 pm,$22
46,2017-09-16,Saturday,5:15 pm,8:20 pm,$29
47,2017-09-17,Sunday,8:15 am,12:14 pm,$23
48,2017-09-17,Sunday,8:15 am,12:14 pm,$33
49,2017-09-17,Sunday,10:50 am,3:14 pm,$33
50,2017-09-17,Sunday,4:25 pm,8:20 pm,$37
51,2017-09-17,Sunday,5:15 pm,8:20 pm,$29
52,2017-09-17,Sunday,4:25 pm,8:35 pm,$36
53,2017-09-18,Monday,8:15 am,12:14 pm,$22
54,2017-09-18,Monday,8:15 am,12:14 pm,$32
55,2017-09-18,Monday,10:50 am,3:14 pm,$23
56,2017-09-18,Monday,5:15 pm,8:20 pm,$29
57,2017-09-19,Tuesday,8:15 am,12:14 pm,$1
58,2017-09-19,Tuesday,8:15 am,12:14 pm,$32
59,2017-09-19,Tuesday,10:50 am,3:14 pm,$23
60,2017-09-19,Tuesday,5:15 pm,8:20 pm,$28
61,2017-09-20,Wednesday,8:15 am,12:14 pm,$22
62,2017-09-20,Wednesday,8:15 am,12:14 pm,$32
63,2017-09-20,Wednesday,10:50 am,3:14 pm,$23
64,2017-09-20,Wednesday,5:15 pm,8:20 pm,$28
65,2017-09-21,Thursday,8:15 am,12:14 pm,$23
66,2017-09-21,Thursday,8:15 am,12:14 pm,$33
67,2017-09-21,Thursday,10:50 am,3:14 pm,$23
68,2017-09-21,Thursday,5:15 pm,8:20 pm,$29
69,2017-09-22,Friday,8:15 am,12:14 pm,$26
70,2017-09-22,Friday,8:15 am,12:14 pm,$36
71,2017-09-22,Friday,10:50 am,3:14 pm,$27
72,2017-09-22,Friday,5:15 pm,8:20 pm,$29
73,2017-09-22,Friday,6:05 pm,9:55 pm,$36
74,2017-09-23,Saturday,8:15 am,12:14 pm,$24
75,2017-09-23,Saturday,8:15 am,12:14 pm,$34
76,2017-09-23,Saturday,10:50 am,3:14 pm,$25
77,2017-09-23,Saturday,5:15 pm,8:20 pm,$29
78,2017-09-24,Sunday,8:15 am,12:14 pm,$24
79,2017-09-24,Sunday,8:15 am,12:14 pm,$34
80,2017-09-24,Sunday,10:50 am,3:14 pm,$24
81,2017-09-24,Sunday,4:25 pm,8:20 pm,$34
82,2017-09-24,Sunday,5:15 pm,8:20 pm,$29
83,2017-09-24,Sunday,4:25 pm,8:35 pm,$34
84,2017-09-25,Monday,8:15 am,12:14 pm,$24
85,2017-09-25,Monday,8:15 am,12:14 pm,$34
86,2017-09-25,Monday,10:50 am,3:14 pm,$24
87,2017-09-25,Monday,5:15 pm,8:20 pm,$29
88,2017-09-26,Tuesday,8:15 am,12:14 pm,$23
89,2017-09-26,Tuesday,8:15 am,12:14 pm,$33
90,2017-09-26,Tuesday,10:50 am,3:14 pm,$24
91,2017-09-26,Tuesday,5:15 pm,8:20 pm,$29
92,2017-09-27,Wednesday,8:15 am,12:14 pm,$24
93,2017-09-27,Wednesday,8:15 am,12:14 pm,$34
94,2017-09-27,Wednesday,10:50 am,3:14 pm,$24
95,2017-09-27,Wednesday,5:15 pm,8:20 pm,$29
96,2017-09-28,Thursday,8:15 am,12:14 pm,$24
97,2017-09-28,Thursday,8:15 am,12:14 pm,$34
98,2017-09-28,Thursday,10:50 am,3:14 pm,$24
99,2017-09-28,Thursday,5:15 pm,8:20 pm,$29
100,2017-09-29,Friday,8:15 am,12:14 pm,$26
101,2017-09-29,Friday,8:15 am,12:14 pm,$36
102,2017-09-29,Friday,10:50 am,3:14 pm,$27
103,2017-09-29,Friday,5:15 pm,8:20 pm,$29
104,2017-09-29,Friday,6:05 pm,9:55 pm,$36
105,2017-09-30,Saturday,8:15 am,12:14 pm,$24
106,2017-09-30,Saturday,8:15 am,12:14 pm,$34
107,2017-09-30,Saturday,10:50 am,3:14 pm,$25
108,2017-09-30,Saturday,5:15 pm,8:20 pm,$29
109,2017-10-01,Sunday,8:15 am,12:14 pm,$26
110,2017-10-01,Sunday,8:15 am,12:14 pm,$36
111,2017-10-01,Sunday,10:50 am,3:14 pm,$26
112,2017-10-01,Sunday,4:25 pm,8:20 pm,$34
113,2017-10-01,Sunday,5:15 pm,8:20 pm,$29
114,2017-10-01,Sunday,4:25 pm,8:35 pm,$36
115,2017-10-02,Monday,8:15 am,12:14 pm,$24
116,2017-10-02,Monday,8:15 am,12:14 pm,$34
117,2017-10-02,Monday,10:50 am,3:14 pm,$25
118,2017-10-02,Monday,5:15 pm,8:20 pm,$29
119,2017-10-03,Tuesday,8:15 am,12:14 pm,$24
120,2017-10-03,Tuesday,8:15 am,12:14 pm,$34
121,2017-10-03,Tuesday,10:50 am,3:14 pm,$25
122,2017-10-03,Tuesday,5:15 pm,8:20 pm,$29
123,2017-10-04,Wednesday,8:15 am,12:14 pm,$34
124,2017-10-04,Wednesday,8:15 am,12:14 pm,$44
125,2017-10-04,Wednesday,10:50 am,3:14 pm,$25
126,2017-10-04,Wednesday,5:15 pm,8:20 pm,$29
127,2017-10-05,Thursday,8:15 am,12:14 pm,$24
128,2017-10-05,Thursday,8:15 am,12:14 pm,$34
129,2017-10-05,Thursday,10:50 am,3:14 pm,$25
130,2017-10-05,Thursday,5:15 pm,8:20 pm,$29
131,2017-10-06,Friday,8:15 am,12:14 pm,$26
132,2017-10-06,Friday,8:15 am,12:14 pm,$36
133,2017-10-06,Friday,10:50 am,3:14 pm,$27
134,2017-10-06,Friday,5:15 pm,8:20 pm,$29
135,2017-10-06,Friday,6:05 pm,9:55 pm,$36
136,2017-10-07,Saturday,8:15 am,12:14 pm,$24
137,2017-10-07,Saturday,8:15 am,12:14 pm,$34
138,2017-10-07,Saturday,10:50 am,3:14 pm,$25
139,2017-10-07,Saturday,5:15 pm,8:20 pm,$29
140,2017-10-08,Sunday,8:15 am,12:14 pm,$24
141,2017-10-08,Sunday,8:15 am,12:14 pm,$34
142,2017-10-08,Sunday,10:50 am,3:14 pm,$34
143,2017-10-08,Sunday,4:25 pm,8:20 pm,$34
144,2017-10-08,Sunday,5:15 pm,8:20 pm,$29
145,2017-10-08,Sunday,4:25 pm,8:35 pm,$34
146,2017-10-09,Monday,8:15 am,12:14 pm,$24
147,2017-10-09,Monday,8:15 am,12:14 pm,$34
148,2017-10-09,Monday,10:50 am,3:14 pm,$25
149,2017-10-09,Monday,5:15 pm,8:20 pm,$29
150,2017-10-10,Tuesday,8:15 am,12:14 pm,$24
151,2017-10-10,Tuesday,8:15 am,12:14 pm,$34
152,2017-10-10,Tuesday,10:50 am,3:14 pm,$25
153,2017-10-10,Tuesday,5:15 pm,8:20 pm,$29
154,2017-10-11,Wednesday,8:15 am,12:14 pm,$24
155,2017-10-11,Wednesday,8:15 am,12:14 pm,$34
156,2017-10-11,Wednesday,10:50 am,3:14 pm,$24
157,2017-10-11,Wednesday,5:15 pm,8:20 pm,$29
158,2017-10-12,Thursday,8:15 am,12:14 pm,$24
159,2017-10-12,Thursday,8:15 am,12:14 pm,$34
160,2017-10-12,Thursday,10:50 am,3:14 pm,$25
161,2017-10-12,Thursday,5:15 pm,8:20 pm,$29
162,2017-10-13,Friday,8:15 am,12:14 pm,$24
163,2017-10-13,Friday,8:15 am,12:14 pm,$34
164,2017-10-13,Friday,10:50 am,3:14 pm,$25
165,2017-10-13,Friday,5:15 pm,8:20 pm,$29
166,2017-10-13,Friday,6:05 pm,9:55 pm,$24
167,2017-10-14,Saturday,8:15 am,12:14 pm,$24
168,2017-10-14,Saturday,8:15 am,12:14 pm,$34
169,2017-10-14,Saturday,10:50 am,3:14 pm,$25
170,2017-10-14,Saturday,5:15 pm,8:20 pm,$29
171,2017-10-15,Sunday,8:15 am,12:14 pm,$24
172,2017-10-15,Sunday,8:15 am,12:14 pm,$34
173,2017-10-15,Sunday,10:50 am,3:14 pm,$24
174,2017-10-15,Sunday,4:25 pm,8:20 pm,$34
175,2017-10-15,Sunday,5:15 pm,8:20 pm,$27
176,2017-10-15,Sunday,4:25 pm,8:35 pm,$34
177,2017-10-16,Monday,8:15 am,12:14 pm,$24
178,2017-10-16,Monday,8:15 am,12:14 pm,$34
179,2017-10-16,Monday,10:50 am,3:14 pm,$24
180,2017-10-16,Monday,5:15 pm,8:20 pm,$27
181,2017-10-17,Tuesday,8:15 am,12:14 pm,$24
182,2017-10-17,Tuesday,8:15 am,12:14 pm,$34
183,2017-10-17,Tuesday,10:50 am,3:14 pm,$24
184,2017-10-17,Tuesday,5:15 pm,8:20 pm,$29
185,2017-10-18,Wednesday,8:15 am,12:14 pm,$24
186,2017-10-18,Wednesday,8:15 am,12:14 pm,$34
187,2017-10-18,Wednesday,10:50 am,3:14 pm,$24
188,2017-10-18,Wednesday,5:15 pm,8:20 pm,$27
189,2017-10-19,Thursday,8:15 am,12:14 pm,$24
190,2017-10-19,Thursday,8:15 am,12:14 pm,$34
191,2017-10-19,Thursday,10:50 am,3:14 pm,$24
192,2017-10-19,Thursday,5:15 pm,8:20 pm,$29
193,2017-10-20,Friday,8:15 am,12:14 pm,$24
194,2017-10-20,Friday,8:15 am,12:14 pm,$34
195,2017-10-20,Friday,10:50 am,3:14 pm,$25
196,2017-10-20,Friday,5:15 pm,8:20 pm,$29
197,2017-10-20,Friday,6:05 pm,9:55 pm,$34
198,2017-10-21,Saturday,8:15 am,12:14 pm,$24
199,2017-10-21,Saturday,8:15 am,12:14 pm,$34
200,2017-10-21,Saturday,10:50 am,3:14 pm,$25
201,2017-10-21,Saturday,5:15 pm,8:20 pm,$29
202,2017-10-22,Sunday,8:15 am,12:14 pm,$24
203,2017-10-22,Sunday,8:15 am,12:14 pm,$34
204,2017-10-22,Sunday,10:50 am,3:14 pm,$25
205,2017-10-22,Sunday,5:15 pm,8:20 pm,$29
206,2017-10-23,Monday,8:15 am,12:14 pm,$24
207,2017-10-23,Monday,8:15 am,12:14 pm,$34
208,2017-10-23,Monday,10:50 am,3:14 pm,$24
209,2017-10-23,Monday,4:25 pm,8:20 pm,$34
210,2017-10-23,Monday,5:15 pm,8:20 pm,$29
211,2017-10-23,Monday,4:25 pm,8:35 pm,$24
212,2017-10-24,Tuesday,8:15 am,12:14 pm,$24
213,2017-10-24,Tuesday,8:15 am,12:14 pm,$34
214,2017-10-24,Tuesday,10:50 am,3:14 pm,$25
215,2017-10-24,Tuesday,5:15 pm,8:20 pm,$29
216,2017-10-25,Wednesday,8:15 am,12:14 pm,$24
217,2017-10-25,Wednesday,8:15 am,12:14 pm,$34
218,2017-10-25,Wednesday,10:50 am,3:14 pm,$24
219,2017-10-25,Wednesday,5:15 pm,8:20 pm,$27
220,2017-10-26,Thursday,8:15 am,12:14 pm,$24
221,2017-10-26,Thursday,8:15 am,12:14 pm,$34
222,2017-10-26,Thursday,10:50 am,3:14 pm,$24
223,2017-10-26,Thursday,5:15 pm,8:20 pm,$29
224,2017-10-27,Friday,8:15 am,12:14 pm,$24
225,2017-10-27,Friday,8:15 am,12:14 pm,$34
226,2017-10-27,Friday,10:50 am,3:14 pm,$24
227,2017-10-27,Friday,5:15 pm,8:20 pm,$29
228,2017-10-27,Friday,6:05 pm,9:55 pm,$25
229,2017-10-28,Saturday,8:15 am,12:14 pm,$24
230,2017-10-28,Saturday,8:15 am,12:14 pm,$34
231,2017-10-28,Saturday,10:50 am,3:14 pm,$24
232,2017-10-28,Saturday,5:15 pm,8:20 pm,$29
233,2017-10-29,Sunday,8:15 am,12:14 pm,$1
234,2017-10-29,Sunday,8:15 am,12:14 pm,$34
235,2017-10-29,Sunday,10:50 am,3:14 pm,$24
236,2017-10-29,Sunday,4:25 pm,8:20 pm,$26
237,2017-10-29,Sunday,5:15 pm,8:20 pm,$29
238,2017-10-29,Sunday,4:25 pm,8:35 pm,$25
239,2017-10-30,Monday,8:15 am,12:14 pm,$24
240,2017-10-30,Monday,8:15 am,12:14 pm,$34
241,2017-10-30,Monday,10:50 am,3:14 pm,$25
242,2017-10-30,Monday,5:15 pm,8:20 pm,$29
243,2017-10-31,Tuesday,8:15 am,12:14 pm,$24
244,2017-10-31,Tuesday,8:15 am,12:14 pm,$34
245,2017-10-31,Tuesday,10:50 am,3:14 pm,$25
246,2017-10-31,Tuesday,5:15 pm,8:20 pm,$27
247,2017-11-01,Wednesday,8:15 am,12:14 pm,$24
248,2017-11-01,Wednesday,8:15 am,12:14 pm,$34
249,2017-11-01,Wednesday,10:50 am,3:14 pm,$25
250,2017-11-01,Wednesday,5:15 pm,8:20 pm,$27
251,2017-11-02,Thursday,8:15 am,12:14 pm,$24
252,2017-11-02,Thursday,8:15 am,12:14 pm,$34
253,2017-11-02,Thursday,10:50 am,3:14 pm,$25
254,2017-11-02,Thursday,5:15 pm,8:20 pm,$27
255,2017-11-03,Friday,8:15 am,12:14 pm,$24
256,2017-11-03,Friday,8:15 am,12:14 pm,$34
257,2017-11-03,Friday,10:50 am,3:14 pm,$24
258,2017-11-03,Friday,5:15 pm,8:20 pm,$29
259,2017-11-03,Friday,6:05 pm,9:55 pm,$25
260,2017-11-04,Saturday,8:15 am,12:14 pm,$24
261,2017-11-04,Saturday,8:15 am,12:14 pm,$34
262,2017-11-04,Saturday,10:50 am,3:14 pm,$24
263,2017-11-04,Saturday,5:15 pm,8:20 pm,$27
264,2017-11-05,Sunday,8:15 am,12:14 pm,$1
265,2017-11-05,Sunday,8:15 am,12:14 pm,$34
266,2017-11-05,Sunday,10:50 am,3:14 pm,$24
267,2017-11-05,Sunday,4:25 pm,8:20 pm,$34
268,2017-11-05,Sunday,5:15 pm,8:20 pm,$29
269,2017-11-05,Sunday,4:25 pm,8:35 pm,$34
270,2017-11-06,Monday,8:15 am,12:14 pm,$24
271,2017-11-06,Monday,8:15 am,12:14 pm,$34
272,2017-11-06,Monday,10:50 am,3:14 pm,$24
273,2017-11-06,Monday,5:15 pm,8:20 pm,$27
274,2017-11-07,Tuesday,8:15 am,12:14 pm,$24
275,2017-11-07,Tuesday,8:15 am,12:14 pm,$34
276,2017-11-07,Tuesday,10:50 am,3:14 pm,$24
277,2017-11-07,Tuesday,5:15 pm,8:20 pm,$27
278,2017-11-08,Wednesday,8:15 am,12:14 pm,$24
279,2017-11-08,Wednesday,8:15 am,12:14 pm,$34
280,2017-11-08,Wednesday,10:50 am,3:14 pm,$25
281,2017-11-08,Wednesday,5:15 pm,8:20 pm,$27
282,2017-11-09,Thursday,8:15 am,12:14 pm,$24
283,2017-11-09,Thursday,8:15 am,12:14 pm,$34
284,2017-11-09,Thursday,10:50 am,3:14 pm,$24
285,2017-11-09,Thursday,5:15 pm,8:20 pm,$29
286,2017-11-10,Friday,8:15 am,12:14 pm,$24
287,2017-11-10,Friday,8:15 am,12:14 pm,$34
288,2017-11-10,Friday,10:50 am,3:14 pm,$24
289,2017-11-10,Friday,5:15 pm,8:20 pm,$27
290,2017-11-10,Friday,6:05 pm,9:55 pm,$24
291,2017-11-11,Saturday,8:15 am,12:14 pm,$24
292,2017-11-11,Saturday,8:15 am,12:14 pm,$34
293,2017-11-11,Saturday,10:50 am,3:14 pm,$24
294,2017-11-11,Saturday,5:15 pm,8:20 pm,$29
295,2017-11-12,Sunday,8:15 am,12:14 pm,$24
296,2017-11-12,Sunday,8:15 am,12:14 pm,$34
297,2017-11-12,Sunday,10:50 am,3:14 pm,$24
298,2017-11-12,Sunday,4:25 pm,8:20 pm,$26
299,2017-11-12,Sunday,5:15 pm,8:20 pm,$27
300,2017-11-12,Sunday,4:25 pm,8:35 pm,$25
301,2017-11-13,Monday,8:15 am,12:14 pm,$24
302,2017-11-13,Monday,8:15 am,12:14 pm,$34
303,2017-11-13,Monday,10:50 am,3:14 pm,$24
304,2017-11-13,Monday,5:15 pm,8:20 pm,$29
305,2017-11-14,Tuesday,8:15 am,12:14 pm,$24
306,2017-11-14,Tuesday,8:15 am,12:14 pm,$34
307,2017-11-14,Tuesday,10:50 am,3:14 pm,$24
308,2017-11-14,Tuesday,5:15 pm,8:20 pm,$29
309,2017-11-15,Wednesday,8:15 am,12:14 pm,$24
310,2017-11-15,Wednesday,8:15 am,12:14 pm,$34
311,2017-11-15,Wednesday,10:50 am,3:14 pm,$24
312,2017-11-15,Wednesday,5:15 pm,8:20 pm,$27
313,2017-11-16,Thursday,8:15 am,12:14 pm,$24
314,2017-11-16,Thursday,8:15 am,12:14 pm,$34
315,2017-11-16,Thursday,10:50 am,3:14 pm,$24
316,2017-11-16,Thursday,5:15 pm,8:20 pm,$27
317,2017-11-17,Friday,8:15 am,12:14 pm,$24
318,2017-11-17,Friday,8:15 am,12:14 pm,$34
319,2017-11-17,Friday,10:50 am,3:14 pm,$24
320,2017-11-17,Friday,5:15 pm,8:20 pm,$29
321,2017-11-17,Friday,6:05 pm,9:55 pm,$25
322,2017-11-18,Saturday,8:15 am,12:14 pm,$24
323,2017-11-18,Saturday,8:15 am,12:14 pm,$34
324,2017-11-18,Saturday,10:50 am,3:14 pm,$24
325,2017-11-18,Saturday,5:15 pm,8:20 pm,$27
326,2017-11-19,Sunday,8:15 am,12:14 pm,$24
327,2017-11-19,Sunday,8:15 am,12:14 pm,$34
328,2017-11-19,Sunday,10:50 am,3:14 pm,$24
329,2017-11-19,Sunday,4:25 pm,8:20 pm,$26
330,2017-11-19,Sunday,5:15 pm,8:20 pm,$27
331,2017-11-19,Sunday,4:25 pm,8:35 pm,$25
332,2017-11-20,Monday,8:15 am,12:14 pm,$24
333,2017-11-20,Monday,8:15 am,12:14 pm,$34
334,2017-11-20,Monday,10:50 am,3:14 pm,$24
335,2017-11-20,Monday,5:15 pm,8:20 pm,$29
336,2017-11-21,Tuesday,8:15 am,12:14 pm,$24
337,2017-11-21,Tuesday,8:15 am,12:14 pm,$34
338,2017-11-21,Tuesday,10:50 am,3:14 pm,$24
339,2017-11-21,Tuesday,5:15 pm,8:20 pm,$27
340,2017-11-22,Wednesday,8:15 am,12:14 pm,$24
341,2017-11-22,Wednesday,8:15 am,12:14 pm,$34
342,2017-11-22,Wednesday,10:50 am,3:14 pm,$25
343,2017-11-22,Wednesday,5:15 pm,8:20 pm,$27
344,2017-11-23,Thursday,8:15 am,12:14 pm,$24
345,2017-11-23,Thursday,8:15 am,12:14 pm,$34
346,2017-11-23,Thursday,10:50 am,3:14 pm,$24
347,2017-11-23,Thursday,5:15 pm,8:20 pm,$27
348,2017-11-24,Friday,8:15 am,12:14 pm,$24
349,2017-11-24,Friday,8:15 am,12:14 pm,$34
350,2017-11-24,Friday,10:50 am,3:14 pm,$24
351,2017-11-24,Friday,5:15 pm,8:20 pm,$27
352,2017-11-24,Friday,6:05 pm,9:55 pm,$25
353,2017-11-25,Saturday,8:15 am,12:14 pm,$24
354,2017-11-25,Saturday,8:15 am,12:14 pm,$34
355,2017-11-25,Saturday,10:50 am,3:14 pm,$24
356,2017-11-25,Saturday,5:15 pm,8:20 pm,$29
357,2017-11-26,Sunday,8:15 am,12:14 pm,$24
358,2017-11-26,Sunday,8:15 am,12:14 pm,$34
359,2017-11-26,Sunday,10:50 am,3:14 pm,$24
360,2017-11-26,Sunday,4:25 pm,8:20 pm,$34
361,2017-11-26,Sunday,5:15 pm,8:20 pm,$27
362,2017-11-26,Sunday,4:25 pm,8:35 pm,$34
363,2017-11-27,Monday,8:15 am,12:14 pm,$24
364,2017-11-27,Monday,8:15 am,12:14 pm,$34
365,2017-11-27,Monday,10:50 am,3:14 pm,$25
366,2017-11-27,Monday,5:15 pm,8:20 pm,$27
367,2017-11-28,Tuesday,8:15 am,12:14 pm,$24
368,2017-11-28,Tuesday,8:15 am,12:14 pm,$34
369,2017-11-28,Tuesday,10:50 am,3:14 pm,$24
370,2017-11-28,Tuesday,5:15 pm,8:20 pm,$27
371,2017-11-29,Wednesday,8:15 am,12:14 pm,$24
372,2017-11-29,Wednesday,8:15 am,12:14 pm,$34
373,2017-11-29,Wednesday,10:50 am,3:14 pm,$24
374,2017-11-29,Wednesday,5:15 pm,8:20 pm,$27
375,2017-11-30,Thursday,8:15 am,12:14 pm,$1
376,2017-11-30,Thursday,8:15 am,12:14 pm,$34
377,2017-11-30,Thursday,10:50 am,3:14 pm,$24
378,2017-11-30,Thursday,5:15 pm,8:20 pm,$29
379,2017-12-01,Friday,8:15 am,12:14 pm,$24
380,2017-12-01,Friday,8:15 am,12:14 pm,$34
381,2017-12-01,Friday,10:50 am,3:14 pm,$1
382,2017-12-01,Friday,5:15 pm,8:20 pm,$27
383,2017-12-01,Friday,6:05 pm,9:55 pm,$34
384,2017-12-02,Saturday,8:15 am,12:14 pm,$24
385,2017-12-02,Saturday,8:15 am,12:14 pm,$34
386,2017-12-02,Saturday,10:50 am,3:14 pm,$24
387,2017-12-02,Saturday,5:15 pm,8:20 pm,$27
388,2017-12-03,Sunday,8:15 am,12:14 pm,$24
389,2017-12-03,Sunday,8:15 am,12:14 pm,$34
390,2017-12-03,Sunday,10:50 am,3:14 pm,$24
391,2017-12-03,Sunday,4:25 pm,8:20 pm,$26
392,2017-12-03,Sunday,5:15 pm,8:20 pm,$29
393,2017-12-03,Sunday,4:25 pm,8:35 pm,$24
394,2017-12-04,Monday,8:15 am,12:14 pm,$24
395,2017-12-04,Monday,8:15 am,12:14 pm,$34
396,2017-12-04,Monday,10:50 am,3:14 pm,$24
397,2017-12-04,Monday,5:15 pm,8:20 pm,$29
398,2017-12-05,Tuesday,8:15 am,12:14 pm,$1
399,2017-12-05,Tuesday,8:15 am,12:14 pm,$34
400,2017-12-05,Tuesday,10:50 am,3:14 pm,$24
401,2017-12-05,Tuesday,5:15 pm,8:20 pm,$27
402,2017-12-06,Wednesday,8:15 am,12:14 pm,$24
403,2017-12-06,Wednesday,8:15 am,12:14 pm,$34
404,2017-12-06,Wednesday,10:50 am,3:14 pm,$25
405,2017-12-06,Wednesday,5:15 pm,8:20 pm,$29
406,2017-12-07,Thursday,8:15 am,12:14 pm,$24
407,2017-12-07,Thursday,8:15 am,12:14 pm,$34
408,2017-12-07,Thursday,10:50 am,3:14 pm,$24
409,2017-12-07,Thursday,5:15 pm,8:20 pm,$27
410,2017-12-08,Friday,8:15 am,12:14 pm,$24
411,2017-12-08,Friday,8:15 am,12:14 pm,$34
412,2017-12-08,Friday,10:50 am,3:14 pm,$24
413,2017-12-08,Friday,5:15 pm,8:20 pm,$29
414,2017-12-08,Friday,6:05 pm,9:55 pm,$25
415,2017-12-09,Saturday,8:15 am,12:14 pm,$1
416,2017-12-09,Saturday,8:15 am,12:14 pm,$34
417,2017-12-09,Saturday,10:50 am,3:14 pm,$24
418,2017-12-09,Saturday,5:15 pm,8:20 pm,$27
419,2017-12-10,Sunday,8:15 am,12:14 pm,$24
420,2017-12-10,Sunday,8:15 am,12:14 pm,$34
421,2017-12-10,Sunday,10:50 am,3:14 pm,$24
422,2017-12-10,Sunday,4:25 pm,8:20 pm,$26
423,2017-12-10,Sunday,5:15 pm,8:20 pm,$29
424,2017-12-10,Sunday,4:25 pm,8:35 pm,$24
425,2017-12-11,Monday,8:15 am,12:14 pm,$24
426,2017-12-11,Monday,8:15 am,12:14 pm,$34
427,2017-12-11,Monday,10:50 am,3:14 pm,$24
428,2017-12-11,Monday,5:15 pm,8:20 pm,$27
429,2017-12-12,Tuesday,8:15 am,12:14 pm,$24
430,2017-12-12,Tuesday,8:15 am,12:14 pm,$34
431,2017-12-12,Tuesday,10:50 am,3:14 pm,$24
432,2017-12-12,Tuesday,5:15 pm,8:20 pm,$29
433,2017-12-13,Wednesday,8:15 am,12:14 pm,$24
434,2017-12-13,Wednesday,8:15 am,12:14 pm,$34
435,2017-12-13,Wednesday,10:50 am,3:14 pm,$24
436,2017-12-13,Wednesday,5:15 pm,8:20 pm,$27
437,2017-12-14,Thursday,8:15 am,12:14 pm,$24
438,2017-12-14,Thursday,8:15 am,12:14 pm,$34
439,2017-12-14,Thursday,10:50 am,3:14 pm,$24
440,2017-12-14,Thursday,5:15 pm,8:20 pm,$27
441,2017-12-15,Friday,8:15 am,12:14 pm,$24
442,2017-12-15,Friday,8:15 am,12:14 pm,$34
443,2017-12-15,Friday,10:50 am,3:14 pm,$24
444,2017-12-15,Friday,5:15 pm,8:20 pm,$29
445,2017-12-15,Friday,6:05 pm,9:55 pm,$24
446,2017-12-16,Saturday,8:15 am,12:14 pm,$24
447,2017-12-16,Saturday,8:15 am,12:14 pm,$34
448,2017-12-16,Saturday,10:50 am,3:14 pm,$24
449,2017-12-16,Saturday,5:15 pm,8:20 pm,$27
450,2017-12-17,Sunday,8:15 am,12:14 pm,$24
451,2017-12-17,Sunday,8:15 am,12:14 pm,$34
452,2017-12-17,Sunday,10:50 am,3:14 pm,$24
453,2017-12-17,Sunday,4:25 pm,8:20 pm,$26
454,2017-12-17,Sunday,5:15 pm,8:20 pm,$27
455,2017-12-17,Sunday,4:25 pm,8:35 pm,$25
456,2017-12-18,Monday,8:15 am,12:14 pm,$24
457,2017-12-18,Monday,8:15 am,12:14 pm,$34
458,2017-12-18,Monday,10:50 am,3:14 pm,$24
459,2017-12-18,Monday,5:15 pm,8:20 pm,$27
460,2017-12-19,Tuesday,8:15 am,12:14 pm,$24
461,2017-12-19,Tuesday,8:15 am,12:14 pm,$34
462,2017-12-19,Tuesday,10:50 am,3:14 pm,$24
463,2017-12-19,Tuesday,5:15 pm,8:20 pm,$27
464,2017-12-20,Wednesday,8:15 am,12:14 pm,$24
465,2017-12-20,Wednesday,8:15 am,12:14 pm,$34
466,2017-12-20,Wednesday,10:50 am,3:14 pm,$24
467,2017-12-20,Wednesday,5:15 pm,8:20 pm,$29
468,2017-12-21,Thursday,8:15 am,12:14 pm,$24
469,2017-12-21,Thursday,8:15 am,12:14 pm,$34
470,2017-12-21,Thursday,10:50 am,3:14 pm,$24
471,2017-12-21,Thursday,5:15 pm,8:20 pm,$27
472,2017-12-22,Friday,8:15 am,12:14 pm,$24
473,2017-12-22,Friday,8:15 am,12:14 pm,$34
474,2017-12-22,Friday,10:50 am,3:14 pm,$24
475,2017-12-22,Friday,5:15 pm,8:20 pm,$27
476,2017-12-22,Friday,6:05 pm,9:55 pm,$1
477,2017-12-23,Saturday,8:15 am,12:14 pm,$24
478,2017-12-23,Saturday,8:15 am,12:14 pm,$34
479,2017-12-23,Saturday,10:50 am,3:14 pm,$24
480,2017-12-23,Saturday,5:15 pm,8:20 pm,$29
481,2017-12-24,Sunday,8:15 am,12:14 pm,$24
482,2017-12-24,Sunday,8:15 am,12:14 pm,$34
483,2017-12-24,Sunday,10:50 am,3:14 pm,$24
484,2017-12-24,Sunday,4:25 pm,8:20 pm,$26
485,2017-12-24,Sunday,5:15 pm,8:20 pm,$27
486,2017-12-24,Sunday,4:25 pm,8:35 pm,$24
487,2017-12-25,Monday,8:15 am,12:14 pm,$24
488,2017-12-25,Monday,8:15 am,12:14 pm,$34
489,2017-12-25,Monday,10:50 am,3:14 pm,$24
490,2017-12-26,Tuesday,8:15 am,12:14 pm,$24
491,2017-12-26,Tuesday,8:15 am,12:14 pm,$34
492,2017-12-26,Tuesday,10:50 am,3:14 pm,$24
493,2017-12-26,Tuesday,5:15 pm,8:20 pm,$27
494,2017-12-27,Wednesday,8:15 am,12:14 pm,$24
495,2017-12-27,Wednesday,8:15 am,12:14 pm,$34
496,2017-12-27,Wednesday,10:50 am,3:14 pm,$24
497,2017-12-27,Wednesday,5:15 pm,8:20 pm,$29
498,2017-12-28,Thursday,8:15 am,12:14 pm,$24
499,2017-12-28,Thursday,8:15 am,12:14 pm,$34
500,2017-12-28,Thursday,10:50 am,3:14 pm,$25
501,2017-12-28,Thursday,5:15 pm,8:20 pm,$27
502,2017-12-29,Friday,8:15 am,12:14 pm,$24
503,2017-12-29,Friday,8:15 am,12:14 pm,$34
504,2017-12-29,Friday,10:50 am,3:14 pm,$24
505,2017-12-29,Friday,5:15 pm,8:20 pm,$27
506,2017-12-29,Friday,6:05 pm,9:55 pm,$24
507,2017-12-30,Saturday,8:15 am,12:14 pm,$24
508,2017-12-30,Saturday,8:15 am,12:14 pm,$34
509,2017-12-30,Saturday,10:50 am,3:14 pm,$24
510,2017-12-30,Saturday,5:15 pm,8:20 pm,$27
511,2017-12-31,Sunday,8:15 am,12:14 pm,$1
512,2017-12-31,Sunday,8:15 am,12:14 pm,$34
513,2017-12-31,Sunday,10:50 am,3:14 pm,$24
514,2017-12-31,Sunday,4:25 pm,8:20 pm,$26
515,2017-12-31,Sunday,5:15 pm,8:20 pm,$27
516,2017-12-31,Sunday,4:25 pm,8:35 pm,$24
517,2018-01-01,Monday,8:15 am,12:14 pm,$24
518,2018-01-01,Monday,8:15 am,12:14 pm,$34
519,2018-01-01,Monday,10:50 am,3:14 pm,$24
520,2018-01-01,Monday,5:15 pm,8:20 pm,$27
521,2018-01-02,Tuesday,8:15 am,12:14 pm,$1
522,2018-01-02,Tuesday,8:15 am,12:14 pm,$34
523,2018-01-02,Tuesday,10:50 am,3:14 pm,$24
524,2018-01-02,Tuesday,5:15 pm,8:20 pm,$29
525,2018-01-03,Wednesday,8:15 am,12:14 pm,$24
526,2018-01-03,Wednesday,8:15 am,12:14 pm,$34
527,2018-01-03,Wednesday,10:50 am,3:14 pm,$24
528,2018-01-03,Wednesday,5:15 pm,8:20 pm,$1
529,2018-01-04,Thursday,8:15 am,12:14 pm,$24
530,2018-01-04,Thursday,8:15 am,12:14 pm,$34
531,2018-01-04,Thursday,10:50 am,3:14 pm,$24
532,2018-01-04,Thursday,5:15 pm,8:20 pm,$27
533,2018-01-05,Friday,8:15 am,12:14 pm,$1
534,2018-01-05,Friday,8:15 am,12:14 pm,$34
535,2018-01-05,Friday,10:50 am,3:14 pm,$24
536,2018-01-05,Friday,5:15 pm,8:20 pm,$27
537,2018-01-05,Friday,6:05 pm,9:55 pm,$25
538,2018-01-06,Saturday,8:15 am,12:14 pm,$24
539,2018-01-06,Saturday,8:15 am,12:14 pm,$34
540,2018-01-06,Saturday,10:50 am,3:14 pm,$24
541,2018-01-06,Saturday,5:15 pm,8:20 pm,$27
542,2018-01-07,Sunday,8:15 am,12:14 pm,$1
543,2018-01-07,Sunday,8:15 am,12:14 pm,$34
544,2018-01-07,Sunday,10:50 am,3:14 pm,$24
545,2018-01-07,Sunday,4:25 pm,8:20 pm,$26
546,2018-01-07,Sunday,5:15 pm,8:20 pm,$27
547,2018-01-07,Sunday,4:25 pm,8:35 pm,$24
548,2018-01-08,Monday,8:15 am,12:14 pm,$24
549,2018-01-08,Monday,8:15 am,12:14 pm,$34
550,2018-01-08,Monday,10:50 am,3:14 pm,$24
551,2018-01-08,Monday,5:15 pm,8:20 pm,$27
552,2018-01-09,Tuesday,8:15 am,12:14 pm,$1
553,2018-01-09,Tuesday,8:15 am,12:14 pm,$34
554,2018-01-09,Tuesday,10:50 am,3:14 pm,$24
555,2018-01-09,Tuesday,5:15 pm,8:20 pm,$27
556,2018-01-10,Wednesday,8:15 am,12:14 pm,$1
557,2018-01-10,Wednesday,8:15 am,12:14 pm,$34
558,2018-01-10,Wednesday,10:50 am,3:14 pm,$24
559,2018-01-10,Wednesday,5:15 pm,8:20 pm,$27
560,2018-01-11,Thursday,8:15 am,12:14 pm,$24
561,2018-01-11,Thursday,8:15 am,12:14 pm,$34
562,2018-01-11,Thursday,10:50 am,3:14 pm,$24
563,2018-01-11,Thursday,5:15 pm,8:20 pm,$27
564,2018-01-12,Friday,8:15 am,12:14 pm,$24
565,2018-01-12,Friday,8:15 am,12:14 pm,$34
566,2018-01-12,Friday,10:50 am,3:14 pm,$24
567,2018-01-12,Friday,5:15 pm,8:20 pm,$27
568,2018-01-12,Friday,6:05 pm,9:55 pm,$24
569,2018-01-13,Saturday,8:15 am,12:14 pm,$1
570,2018-01-13,Saturday,8:15 am,12:14 pm,$34
571,2018-01-13,Saturday,10:50 am,3:14 pm,$24
572,2018-01-13,Saturday,5:15 pm,8:20 pm,$27
573,2018-01-14,Sunday,8:15 am,12:14 pm,$24
574,2018-01-14,Sunday,8:15 am,12:14 pm,$34
575,2018-01-14,Sunday,10:50 am,3:14 pm,$24
576,2018-01-14,Sunday,4:25 pm,8:20 pm,$26
577,2018-01-14,Sunday,5:15 pm,8:20 pm,$27
578,2018-01-14,Sunday,4:25 pm,8:35 pm,$24
579,2018-01-15,Monday,8:15 am,12:14 pm,$24
580,2018-01-15,Monday,8:15 am,12:14 pm,$34
581,2018-01-15,Monday,10:50 am,3:14 pm,$24
582,2018-01-15,Monday,5:15 pm,8:20 pm,$29
583,2018-01-16,Tuesday,8:15 am,12:14 pm,$24
584,2018-01-16,Tuesday,8:15 am,12:14 pm,$34
585,2018-01-16,Tuesday,10:50 am,3:14 pm,$25
586,2018-01-16,Tuesday,5:15 pm,8:20 pm,$27
587,2018-01-17,Wednesday,8:15 am,12:14 pm,$24
588,2018-01-17,Wednesday,8:15 am,12:14 pm,$34
589,2018-01-17,Wednesday,10:50 am,3:14 pm,$24
590,2018-01-17,Wednesday,5:15 pm,8:20 pm,$27
591,2018-01-18,Thursday,8:15 am,12:14 pm,$24
592,2018-01-18,Thursday,8:15 am,12:14 pm,$34
593,2018-01-18,Thursday,10:50 am,3:14 pm,$24
594,2018-01-18,Thursday,5:15 pm,8:20 pm,$27
595,2018-01-19,Friday,8:15 am,12:14 pm,$1
596,2018-01-19,Friday,8:15 am,12:14 pm,$34
597,2018-01-19,Friday,10:50 am,3:14 pm,$25
598,2018-01-19,Friday,5:15 pm,8:20 pm,$27
599,2018-01-19,Friday,6:05 pm,9:55 pm,$24
600,2018-01-20,Saturday,8:15 am,12:14 pm,$24
601,2018-01-20,Saturday,8:15 am,12:14 pm,$34
602,2018-01-20,Saturday,10:50 am,3:14 pm,$24
603,2018-01-20,Saturday,5:15 pm,8:20 pm,$27
604,2018-01-21,Sunday,8:15 am,12:14 pm,$1
605,2018-01-21,Sunday,8:15 am,12:14 pm,$34
606,2018-01-21,Sunday,10:50 am,3:14 pm,$24
607,2018-01-21,Sunday,4:25 pm,8:20 pm,$26
608,2018-01-21,Sunday,5:15 pm,8:20 pm,$27
609,2018-01-21,Sunday,4:25 pm,8:35 pm,$24
610,2018-01-22,Monday,8:15 am,12:14 pm,$24
611,2018-01-22,Monday,8:15 am,12:14 pm,$34
612,2018-01-22,Monday,10:50 am,3:14 pm,$24
613,2018-01-22,Monday,5:15 pm,8:20 pm,$27
614,2018-01-23,Tuesday,8:15 am,12:14 pm,$1
615,2018-01-23,Tuesday,8:15 am,12:14 pm,$34
616,2018-01-23,Tuesday,10:50 am,3:14 pm,$24
617,2018-01-23,Tuesday,5:15 pm,8:20 pm,$27
618,2018-01-24,Wednesday,8:15 am,12:14 pm,$24
619,2018-01-24,Wednesday,8:15 am,12:14 pm,$34
620,2018-01-24,Wednesday,10:50 am,3:14 pm,$24
621,2018-01-24,Wednesday,5:15 pm,8:20 pm,$29
622,2018-01-25,Thursday,8:15 am,12:14 pm,$1
623,2018-01-25,Thursday,8:15 am,12:14 pm,$34
624,2018-01-25,Thursday,10:50 am,3:14 pm,$24
625,2018-01-25,Thursday,5:15 pm,8:20 pm,$27
626,2018-01-26,Friday,8:15 am,12:14 pm,$1
627,2018-01-26,Friday,8:15 am,12:14 pm,$34
628,2018-01-26,Friday,10:50 am,3:14 pm,$24
629,2018-01-26,Friday,5:15 pm,8:20 pm,$27
630,2018-01-26,Friday,6:05 pm,9:55 pm,$24
631,2018-01-27,Saturday,8:15 am,12:14 pm,$24
632,2018-01-27,Saturday,8:15 am,12:14 pm,$34
633,2018-01-27,Saturday,10:50 am,3:14 pm,$24
634,2018-01-27,Saturday,5:15 pm,8:20 pm,$27
635,2018-01-28,Sunday,8:15 am,12:14 pm,$1
636,2018-01-28,Sunday,8:15 am,12:14 pm,$34
637,2018-01-28,Sunday,10:50 am,3:14 pm,$24
638,2018-01-28,Sunday,4:25 pm,8:20 pm,$26
639,2018-01-28,Sunday,5:15 pm,8:20 pm,$27
640,2018-01-28,Sunday,4:25 pm,8:35 pm,$24
641,2018-01-29,Monday,8:15 am,12:14 pm,$24
642,2018-01-29,Monday,8:15 am,12:14 pm,$34
643,2018-01-29,Monday,10:50 am,3:14 pm,$24
644,2018-01-29,Monday,5:15 pm,8:20 pm,$27
645,2018-01-30,Tuesday,8:15 am,12:14 pm,$24
646,2018-01-30,Tuesday,8:15 am,12:14 pm,$34
647,2018-01-30,Tuesday,10:50 am,3:14 pm,$24
648,2018-01-30,Tuesday,5:15 pm,8:20 pm,$27
649,2018-01-31,Wednesday,8:15 am,12:14 pm,$1
650,2018-01-31,Wednesday,8:15 am,12:14 pm,$34
651,2018-01-31,Wednesday,10:50 am,3:14 pm,$24
652,2018-01-31,Wednesday,5:15 pm,8:20 pm,$27
653,2018-02-01,Thursday,8:15 am,12:14 pm,$24
654,2018-02-01,Thursday,8:15 am,12:14 pm,$34
655,2018-02-01,Thursday,10:50 am,3:14 pm,$24
656,2018-02-01,Thursday,5:15 pm,8:20 pm,$27
657,2018-02-02,Friday,8:15 am,12:14 pm,$24
658,2018-02-02,Friday,8:15 am,12:14 pm,$34
659,2018-02-02,Friday,10:50 am,3:14 pm,$24
660,2018-02-02,Friday,5:15 pm,8:20 pm,$27
661,2018-02-02,Friday,6:05 pm,9:55 pm,$24
662,2018-02-03,Saturday,8:15 am,12:14 pm,$1
663,2018-02-03,Saturday,8:15 am,12:14 pm,$34
664,2018-02-03,Saturday,10:50 am,3:14 pm,$24
665,2018-02-03,Saturday,5:15 pm,8:20 pm,$27
666,2018-02-04,Sunday,8:15 am,12:14 pm,$1
667,2018-02-04,Sunday,8:15 am,12:14 pm,$34
668,2018-02-04,Sunday,10:50 am,3:14 pm,$24
669,2018-02-04,Sunday,4:25 pm,8:20 pm,$26
670,2018-02-04,Sunday,5:15 pm,8:20 pm,$27
671,2018-02-04,Sunday,4:25 pm,8:35 pm,$24
672,2018-02-05,Monday,8:15 am,12:14 pm,$1
673,2018-02-05,Monday,8:15 am,12:14 pm,$34
674,2018-02-05,Monday,10:50 am,3:14 pm,$24
675,2018-02-05,Monday,5:15 pm,8:20 pm,$27
676,2018-02-06,Tuesday,8:15 am,12:14 pm,$24
677,2018-02-06,Tuesday,8:15 am,12:14 pm,$34
678,2018-02-06,Tuesday,10:50 am,3:14 pm,$24
679,2018-02-06,Tuesday,5:15 pm,8:20 pm,$27
680,2018-02-07,Wednesday,8:15 am,12:14 pm,$1
681,2018-02-07,Wednesday,8:15 am,12:14 pm,$34
682,2018-02-07,Wednesday,10:50 am,3:14 pm,$24
683,2018-02-07,Wednesday,5:15 pm,8:20 pm,$27
684,2018-02-08,Thursday,8:15 am,12:14 pm,$1
685,2018-02-08,Thursday,8:15 am,12:14 pm,$34
686,2018-02-08,Thursday,10:50 am,3:14 pm,$24
687,2018-02-08,Thursday,5:15 pm,8:20 pm,$27
688,2018-02-09,Friday,8:15 am,12:14 pm,$24
689,2018-02-09,Friday,8:15 am,12:14 pm,$34
690,2018-02-09,Friday,10:50 am,3:14 pm,$1
691,2018-02-09,Friday,5:15 pm,8:20 pm,$27
692,2018-02-09,Friday,6:05 pm,9:55 pm,$1
693,2018-02-10,Saturday,8:15 am,12:14 pm,$1
694,2018-02-10,Saturday,8:15 am,12:14 pm,$34
695,2018-02-10,Saturday,10:50 am,3:14 pm,$24
696,2018-02-10,Saturday,5:15 pm,8:20 pm,$27
697,2018-02-11,Sunday,8:15 am,12:14 pm,$1
698,2018-02-11,Sunday,8:15 am,12:14 pm,$34
699,2018-02-11,Sunday,10:50 am,3:14 pm,$24
700,2018-02-11,Sunday,4:25 pm,8:20 pm,$26
701,2018-02-11,Sunday,5:15 pm,8:20 pm,$27
702,2018-02-11,Sunday,4:25 pm,8:35 pm,$24
703,2018-02-12,Monday,8:15 am,12:14 pm,$1
704,2018-02-12,Monday,8:15 am,12:14 pm,$34
705,2018-02-12,Monday,10:50 am,3:14 pm,$24
706,2018-02-12,Monday,5:15 pm,8:20 pm,$27
707,2018-02-13,Tuesday,8:15 am,12:14 pm,$24
708,2018-02-13,Tuesday,8:15 am,12:14 pm,$34
709,2018-02-13,Tuesday,10:50 am,3:14 pm,$24
710,2018-02-13,Tuesday,5:15 pm,8:20 pm,$27
711,2018-02-14,Wednesday,8:15 am,12:14 pm,$1
712,2018-02-14,Wednesday,8:15 am,12:14 pm,$34
713,2018-02-14,Wednesday,10:50 am,3:14 pm,$24
714,2018-02-14,Wednesday,5:15 pm,8:20 pm,$27
715,2018-02-15,Thursday,8:15 am,12:14 pm,$1
716,2018-02-15,Thursday,8:15 am,12:14 pm,$34
717,2018-02-15,Thursday,10:50 am,3:14 pm,$24
718,2018-02-15,Thursday,5:15 pm,8:20 pm,$27
719,2018-02-16,Friday,8:15 am,12:14 pm,$1
720,2018-02-16,Friday,8:15 am,12:14 pm,$34
721,2018-02-16,Friday,10:50 am,3:14 pm,$24
722,2018-02-16,Friday,5:15 pm,8:20 pm,$27
723,2018-02-16,Friday,6:05 pm,9:55 pm,$24
724,2018-02-17,Saturday,8:15 am,12:14 pm,$1
725,2018-02-17,Saturday,8:15 am,12:14 pm,$34
726,2018-02-17,Saturday,10:50 am,3:14 pm,$1
727,2018-02-17,Saturday,5:15 pm,8:20 pm,$27
728,2018-02-18,Sunday,8:15 am,12:14 pm,$1
729,2018-02-18,Sunday,8:15 am,12:14 pm,$34
730,2018-02-18,Sunday,10:50 am,3:14 pm,$24
731,2018-02-18,Sunday,4:25 pm,8:20 pm,$26
732,2018-02-18,Sunday,5:15 pm,8:20 pm,$27
733,2018-02-18,Sunday,4:25 pm,8:35 pm,$24
734,2018-02-19,Monday,8:15 am,12:14 pm,$24
735,2018-02-19,Monday,8:15 am,12:14 pm,$34
736,2018-02-19,Monday,10:50 am,3:14 pm,$24
737,2018-02-19,Monday,5:15 pm,8:20 pm,$27
738,2018-02-20,Tuesday,8:15 am,12:14 pm,$24
739,2018-02-20,Tuesday,8:15 am,12:14 pm,$34
740,2018-02-20,Tuesday,10:50 am,3:14 pm,$24
741,2018-02-20,Tuesday,5:15 pm,8:20 pm,$27
742,2018-02-21,Wednesday,8:15 am,12:14 pm,$1
743,2018-02-21,Wednesday,8:15 am,12:14 pm,$34
744,2018-02-21,Wednesday,10:50 am,3:14 pm,$24
745,2018-02-21,Wednesday,5:15 pm,8:20 pm,$1
746,2018-02-22,Thursday,8:15 am,12:14 pm,$1
747,2018-02-22,Thursday,8:15 am,12:14 pm,$34
748,2018-02-22,Thursday,10:50 am,3:14 pm,$24
749,2018-02-22,Thursday,5:15 pm,8:20 pm,$27
750,2018-02-23,Friday,8:15 am,12:14 pm,$1
751,2018-02-23,Friday,8:15 am,12:14 pm,$34
752,2018-02-23,Friday,10:50 am,3:14 pm,$24
753,2018-02-23,Friday,5:15 pm,8:20 pm,$27
754,2018-02-23,Friday,6:05 pm,9:55 pm,$24
755,2018-02-24,Saturday,8:15 am,12:14 pm,$1
756,2018-02-24,Saturday,8:15 am,12:14 pm,$34
757,2018-02-24,Saturday,10:50 am,3:14 pm,$24
758,2018-02-24,Saturday,5:15 pm,8:20 pm,$27
759,2018-02-25,Sunday,8:15 am,12:14 pm,$1
760,2018-02-25,Sunday,8:15 am,12:14 pm,$34
761,2018-02-25,Sunday,10:50 am,3:14 pm,$24
762,2018-02-25,Sunday,4:25 pm,8:20 pm,$26
763,2018-02-25,Sunday,5:15 pm,8:20 pm,$27
764,2018-02-25,Sunday,4:25 pm,8:35 pm,$24
765,2018-02-26,Monday,8:15 am,12:14 pm,$24
766,2018-02-26,Monday,8:15 am,12:14 pm,$34
767,2018-02-26,Monday,10:50 am,3:14 pm,$24
768,2018-02-26,Monday,5:15 pm,8:20 pm,$27
769,2018-02-27,Tuesday,8:15 am,12:14 pm,$1
770,2018-02-27,Tuesday,8:15 am,12:14 pm,$34
771,2018-02-27,Tuesday,10:50 am,3:14 pm,$24
772,2018-02-27,Tuesday,5:15 pm,8:20 pm,$27
773,2018-02-28,Wednesday,8:15 am,12:14 pm,$24
774,2018-02-28,Wednesday,8:15 am,12:14 pm,$34
775,2018-02-28,Wednesday,10:50 am,3:14 pm,$24
776,2018-02-28,Wednesday,5:15 pm,8:20 pm,$27
777,2018-03-01,Thursday,8:15 am,12:14 pm,$24
778,2018-03-01,Thursday,8:15 am,12:14 pm,$34
779,2018-03-01,Thursday,10:50 am,3:14 pm,$24
780,2018-03-01,Thursday,5:15 pm,8:20 pm,$1
781,2018-03-02,Friday,8:15 am,12:14 pm,$1
782,2018-03-02,Friday,8:15 am,12:14 pm,$34
783,2018-03-02,Friday,10:50 am,3:14 pm,$24
784,2018-03-02,Friday,5:15 pm,8:20 pm,$27
785,2018-03-02,Friday,6:05 pm,9:55 pm,$24
786,2018-03-03,Saturday,8:15 am,12:14 pm,$24
787,2018-03-03,Saturday,8:15 am,12:14 pm,$34
788,2018-03-03,Saturday,10:50 am,3:14 pm,$1
789,2018-03-03,Saturday,5:15 pm,8:20 pm,$27
790,2018-03-04,Sunday,8:15 am,12:14 pm,$24
791,2018-03-04,Sunday,8:15 am,12:14 pm,$34
792,2018-03-04,Sunday,10:50 am,3:14 pm,$24
793,2018-03-04,Sunday,4:25 pm,8:20 pm,$26
794,2018-03-04,Sunday,5:15 pm,8:20 pm,$27
795,2018-03-04,Sunday,4:25 pm,8:35 pm,$25
796,2018-03-05,Monday,8:15 am,12:14 pm,$1
797,2018-03-05,Monday,8:15 am,12:14 pm,$34
798,2018-03-05,Monday,10:50 am,3:14 pm,$24
799,2018-03-05,Monday,5:15 pm,8:20 pm,$27
800,2018-03-06,Tuesday,8:15 am,12:14 pm,$1
801,2018-03-06,Tuesday,8:15 am,12:14 pm,$34
802,2018-03-06,Tuesday,10:50 am,3:14 pm,$24
803,2018-03-06,Tuesday,5:15 pm,8:20 pm,$27
804,2018-03-07,Wednesday,8:15 am,12:14 pm,$24
805,2018-03-07,Wednesday,8:15 am,12:14 pm,$34
806,2018-03-07,Wednesday,10:50 am,3:14 pm,$24
807,2018-03-07,Wednesday,5:15 pm,8:20 pm,$27
808,2018-03-08,Thursday,8:15 am,12:14 pm,$1
809,2018-03-08,Thursday,8:15 am,12:14 pm,$34
810,2018-03-08,Thursday,10:50 am,3:14 pm,$24
811,2018-03-08,Thursday,5:15 pm,8:20 pm,$27
812,2018-03-09,Friday,8:15 am,12:14 pm,$1
813,2018-03-09,Friday,8:15 am,12:14 pm,$34
814,2018-03-09,Friday,10:50 am,3:14 pm,$24
815,2018-03-09,Friday,5:15 pm,8:20 pm,$27
816,2018-03-09,Friday,6:05 pm,9:55 pm,$24
817,2018-03-10,Saturday,8:15 am,12:14 pm,$1
818,2018-03-10,Saturday,8:15 am,12:14 pm,$34
819,2018-03-10,Saturday,10:50 am,3:14 pm,$24
820,2018-03-10,Saturday,5:15 pm,8:20 pm,$27
821,2018-03-11,Sunday,8:15 am,12:14 pm,$1
822,2018-03-11,Sunday,8:15 am,12:14 pm,$34
823,2018-03-11,Sunday,10:50 am,3:14 pm,$24
824,2018-03-11,Sunday,4:25 pm,8:20 pm,$26
825,2018-03-11,Sunday,5:15 pm,8:20 pm,$1
826,2018-03-11,Sunday,4:25 pm,8:35 pm,$24
827,2018-03-12,Monday,8:15 am,12:14 pm,$1
828,2018-03-12,Monday,8:15 am,12:14 pm,$34
829,2018-03-12,Monday,10:50 am,3:14 pm,$24
830,2018-03-12,Monday,5:15 pm,8:20 pm,$27
831,2018-03-13,Tuesday,8:15 am,12:14 pm,$24
832,2018-03-13,Tuesday,8:15 am,12:14 pm,$34
833,2018-03-13,Tuesday,10:50 am,3:14 pm,$24
834,2018-03-13,Tuesday,5:15 pm,8:20 pm,$27
835,2018-03-14,Wednesday,8:15 am,12:14 pm,$1
836,2018-03-14,Wednesday,8:15 am,12:14 pm,$34
837,2018-03-14,Wednesday,10:50 am,3:14 pm,$24
838,2018-03-14,Wednesday,5:15 pm,8:20 pm,$27
839,2018-03-15,Thursday,8:15 am,12:14 pm,$1
840,2018-03-15,Thursday,8:15 am,12:14 pm,$34
841,2018-03-15,Thursday,10:50 am,3:14 pm,$24
842,2018-03-15,Thursday,5:15 pm,8:20 pm,$1
843,2018-03-16,Friday,8:15 am,12:14 pm,$24
844,2018-03-16,Friday,8:15 am,12:14 pm,$34
845,2018-03-16,Friday,10:50 am,3:14 pm,$24
846,2018-03-16,Friday,5:15 pm,8:20 pm,$1
847,2018-03-16,Friday,6:05 pm,9:55 pm,$1
848,2018-03-17,Saturday,8:15 am,12:14 pm,$24
849,2018-03-17,Saturday,8:15 am,12:14 pm,$34
850,2018-03-17,Saturday,10:50 am,3:14 pm,$24
851,2018-03-17,Saturday,5:15 pm,8:20 pm,$27
852,2018-03-18,Sunday,8:15 am,12:14 pm,$24
853,2018-03-18,Sunday,8:15 am,12:14 pm,$34
854,2018-03-18,Sunday,10:50 am,3:14 pm,$24
855,2018-03-18,Sunday,4:25 pm,8:20 pm,$26
856,2018-03-18,Sunday,5:15 pm,8:20 pm,$27
857,2018-03-18,Sunday,4:25 pm,8:35 pm,$24
858,2018-03-19,Monday,8:15 am,12:14 pm,$24
859,2018-03-19,Monday,8:15 am,12:14 pm,$34
860,2018-03-19,Monday,10:50 am,3:14 pm,$24
861,2018-03-19,Monday,5:15 pm,8:20 pm,$27
862,2018-03-20,Tuesday,8:15 am,12:14 pm,$1
863,2018-03-20,Tuesday,8:15 am,12:14 pm,$34
864,2018-03-20,Tuesday,10:50 am,3:14 pm,$24
865,2018-03-20,Tuesday,5:15 pm,8:20 pm,$27
866,2018-03-21,Wednesday,8:15 am,12:14 pm,$1
867,2018-03-21,Wednesday,8:15 am,12:14 pm,$34
868,2018-03-21,Wednesday,10:50 am,3:14 pm,$24
869,2018-03-21,Wednesday,5:15 pm,8:20 pm,$27
870,2018-03-22,Thursday,8:15 am,12:14 pm,$24
871,2018-03-22,Thursday,8:15 am,12:14 pm,$34
872,2018-03-22,Thursday,10:50 am,3:14 pm,$24
873,2018-03-22,Thursday,5:15 pm,8:20 pm,$1
874,2018-03-23,Friday,8:15 am,12:14 pm,$1
875,2018-03-23,Friday,8:15 am,12:14 pm,$34
876,2018-03-23,Friday,10:50 am,3:14 pm,$1
877,2018-03-23,Friday,5:15 pm,8:20 pm,$27
878,2018-03-23,Friday,6:05 pm,9:55 pm,$24
879,2018-03-24,Saturday,8:15 am,12:14 pm,$1
880,2018-03-24,Saturday,8:15 am,12:14 pm,$34
881,2018-03-24,Saturday,10:50 am,3:14 pm,$24
882,2018-03-24,Saturday,5:15 pm,8:20 pm,$27
883,2018-03-25,Sunday,8:15 am,12:14 pm,$1
884,2018-03-25,Sunday,8:15 am,12:14 pm,$34
885,2018-03-25,Sunday,10:50 am,3:14 pm,$24
886,2018-03-25,Sunday,4:25 pm,8:20 pm,$26
887,2018-03-25,Sunday,5:15 pm,8:20 pm,$29
888,2018-03-25,Sunday,4:25 pm,8:35 pm,$24
889,2018-03-26,Monday,8:15 am,12:14 pm,$1
890,2018-03-26,Monday,8:15 am,12:14 pm,$34
891,2018-03-26,Monday,10:50 am,3:14 pm,$1
892,2018-03-26,Monday,5:15 pm,8:20 pm,$29
893,2018-03-27,Tuesday,8:15 am,12:14 pm,$24
894,2018-03-27,Tuesday,8:15 am,12:14 pm,$34
895,2018-03-27,Tuesday,10:50 am,3:14 pm,$24
896,2018-03-27,Tuesday,5:15 pm,8:20 pm,$27
897,2018-03-28,Wednesday,8:15 am,12:14 pm,$24
898,2018-03-28,Wednesday,8:15 am,12:14 pm,$34
899,2018-03-28,Wednesday,10:50 am,3:14 pm,$24
900,2018-03-28,Wednesday,5:15 pm,8:20 pm,$27
901,2018-03-29,Thursday,8:15 am,12:14 pm,$24
902,2018-03-29,Thursday,8:15 am,12:14 pm,$34
903,2018-03-29,Thursday,10:50 am,3:14 pm,$24
904,2018-03-29,Thursday,5:15 pm,8:20 pm,$27
905,2018-03-30,Friday,8:15 am,12:14 pm,$24
906,2018-03-30,Friday,8:15 am,12:14 pm,$34
907,2018-03-30,Friday,10:50 am,3:14 pm,$24
908,2018-03-30,Friday,5:15 pm,8:20 pm,$27
909,2018-03-30,Friday,6:05 pm,9:55 pm,$24
910,2018-03-31,Saturday,8:15 am,12:14 pm,$1
911,2018-03-31,Saturday,8:15 am,12:14 pm,$34
912,2018-03-31,Saturday,10:50 am,3:14 pm,$24
913,2018-03-31,Saturday,5:15 pm,8:20 pm,$27
914,2018-04-01,Sunday,8:15 am,12:14 pm,$1
915,2018-04-01,Sunday,8:15 am,12:14 pm,$34
916,2018-04-01,Sunday,10:50 am,3:14 pm,$24
917,2018-04-01,Sunday,4:25 pm,8:20 pm,$1
918,2018-04-01,Sunday,5:15 pm,8:20 pm,$27
919,2018-04-01,Sunday,4:25 pm,8:35 pm,$1
920,2018-04-02,Monday,8:15 am,12:14 pm,$24
921,2018-04-02,Monday,8:15 am,12:14 pm,$34
922,2018-04-02,Monday,10:50 am,3:14 pm,$24
923,2018-04-02,Monday,5:15 pm,8:20 pm,$27
924,2018-04-03,Tuesday,8:15 am,12:14 pm,$1
925,2018-04-03,Tuesday,8:15 am,12:14 pm,$34
926,2018-04-03,Tuesday,10:50 am,3:14 pm,$24
927,2018-04-03,Tuesday,5:15 pm,8:20 pm,$27
928,2018-04-04,Wednesday,8:15 am,12:14 pm,$1
929,2018-04-04,Wednesday,8:15 am,12:14 pm,$34
930,2018-04-04,Wednesday,10:50 am,3:14 pm,$24
931,2018-04-04,Wednesday,5:15 pm,8:20 pm,$27
932,2018-04-05,Thursday,8:15 am,12:14 pm,$1
933,2018-04-05,Thursday,8:15 am,12:14 pm,$34
934,2018-04-05,Thursday,10:50 am,3:14 pm,$24
935,2018-04-05,Thursday,5:15 pm,8:20 pm,$27
936,2018-04-06,Friday,8:15 am,12:14 pm,$24
937,2018-04-06,Friday,8:15 am,12:14 pm,$34
938,2018-04-06,Friday,10:50 am,3:14 pm,$24
939,2018-04-06,Friday,5:15 pm,8:20 pm,$27
940,2018-04-06,Friday,6:05 pm,9:55 pm,$24
941,2018-04-07,Saturday,8:15 am,12:14 pm,$24
942,2018-04-07,Saturday,8:15 am,12:14 pm,$34
943,2018-04-07,Saturday,10:50 am,3:14 pm,$24
944,2018-04-07,Saturday,5:15 pm,8:20 pm,$27
945,2018-04-08,Sunday,8:15 am,12:14 pm,$1
946,2018-04-08,Sunday,8:15 am,12:14 pm,$34
947,2018-04-08,Sunday,10:50 am,3:14 pm,$24
948,2018-04-08,Sunday,4:25 pm,8:20 pm,$26
949,2018-04-08,Sunday,5:15 pm,8:20 pm,$27
950,2018-04-08,Sunday,4:25 pm,8:35 pm,$24
951,2018-04-09,Monday,8:15 am,12:14 pm,$1
952,2018-04-09,Monday,8:15 am,12:14 pm,$34
953,2018-04-09,Monday,10:50 am,3:14 pm,$24
954,2018-04-09,Monday,5:15 pm,8:20 pm,$1
955,2018-04-10,Tuesday,8:15 am,12:14 pm,$1
956,2018-04-10,Tuesday,8:15 am,12:14 pm,$34
957,2018-04-10,Tuesday,10:50 am,3:14 pm,$24
958,2018-04-10,Tuesday,5:15 pm,8:20 pm,$27
959,2018-04-11,Wednesday,8:15 am,12:14 pm,$1
960,2018-04-11,Wednesday,8:15 am,12:14 pm,$34
961,2018-04-11,Wednesday,10:50 am,3:14 pm,$24
962,2018-04-11,Wednesday,5:15 pm,8:20 pm,$1
963,2018-04-12,Thursday,8:15 am,12:14 pm,$1
964,2018-04-12,Thursday,8:15 am,12:14 pm,$34
965,2018-04-12,Thursday,10:50 am,3:14 pm,$24
966,2018-04-12,Thursday,5:15 pm,8:20 pm,$1
967,2018-04-13,Friday,8:15 am,12:14 pm,$24
968,2018-04-13,Friday,8:15 am,12:14 pm,$34
969,2018-04-13,Friday,10:50 am,3:14 pm,$24
970,2018-04-13,Friday,5:15 pm,8:20 pm,$1
971,2018-04-13,Friday,6:05 pm,9:55 pm,$25
972,2018-04-14,Saturday,8:15 am,12:14 pm,$1
973,2018-04-14,Saturday,8:15 am,12:14 pm,$34
974,2018-04-14,Saturday,10:50 am,3:14 pm,$24
975,2018-04-14,Saturday,5:15 pm,8:20 pm,$27
976,2018-04-15,Sunday,8:15 am,12:14 pm,$1
977,2018-04-15,Sunday,8:15 am,12:14 pm,$34
978,2018-04-15,Sunday,10:50 am,3:14 pm,$24
979,2018-04-15,Sunday,4:25 pm,8:20 pm,$26
980,2018-04-15,Sunday,5:15 pm,8:20 pm,$27
981,2018-04-15,Sunday,4:25 pm,8:35 pm,$24
982,2018-04-16,Monday,8:15 am,12:14 pm,$1
983,2018-04-16,Monday,8:15 am,12:14 pm,$34
984,2018-04-16,Monday,10:50 am,3:14 pm,$24
985,2018-04-16,Monday,5:15 pm,8:20 pm,$27
986,2018-04-17,Tuesday,8:15 am,12:14 pm,$1
987,2018-04-17,Tuesday,8:15 am,12:14 pm,$34
988,2018-04-17,Tuesday,10:50 am,3:14 pm,$24
989,2018-04-17,Tuesday,5:15 pm,8:20 pm,$1
990,2018-04-18,Wednesday,8:15 am,12:14 pm,$1
991,2018-04-18,Wednesday,8:15 am,12:14 pm,$34
992,2018-04-18,Wednesday,10:50 am,3:14 pm,$24
993,2018-04-18,Wednesday,5:15 pm,8:20 pm,$29
994,2018-04-19,Thursday,8:15 am,12:14 pm,$1
995,2018-04-19,Thursday,8:15 am,12:14 pm,$34
996,2018-04-19,Thursday,10:50 am,3:14 pm,$24
997,2018-04-19,Thursday,5:15 pm,8:20 pm,$1
998,2018-04-20,Friday,8:15 am,12:14 pm,$1
999,2018-04-20,Friday,8:15 am,12:14 pm,$34
1000,2018-04-20,Friday,10:50 am,3:14 pm,$24
1001,2018-04-20,Friday,5:15 pm,8:20 pm,$27
1002,2018-04-20,Friday,6:05 pm,9:55 pm,$24
1003,2018-04-21,Saturday,8:15 am,12:14 pm,$1
1004,2018-04-21,Saturday,8:15 am,12:14 pm,$34
1005,2018-04-21,Saturday,10:50 am,3:14 pm,$24
1006,2018-04-21,Saturday,5:15 pm,8:20 pm,$27
1007,2018-04-22,Sunday,8:15 am,12:14 pm,$1
1008,2018-04-22,Sunday,8:15 am,12:14 pm,$34
1009,2018-04-22,Sunday,10:50 am,3:14 pm,$24
1010,2018-04-22,Sunday,4:25 pm,8:20 pm,$26
1011,2018-04-22,Sunday,5:15 pm,8:20 pm,$1
1012,2018-04-22,Sunday,4:25 pm,8:35 pm,$24
1013,2018-04-23,Monday,8:15 am,12:14 pm,$1
1014,2018-04-23,Monday,8:15 am,12:14 pm,$34
1015,2018-04-23,Monday,10:50 am,3:14 pm,$24
1016,2018-04-23,Monday,5:15 pm,8:20 pm,$1
1017,2018-04-24,Tuesday,8:15 am,12:14 pm,$1
1018,2018-04-24,Tuesday,8:15 am,12:14 pm,$34
1019,2018-04-24,Tuesday,10:50 am,3:14 pm,$24
1020,2018-04-24,Tuesday,5:15 pm,8:20 pm,$1
1021,2018-04-25,Wednesday,8:15 am,12:14 pm,$1
1022,2018-04-25,Wednesday,8:15 am,12:14 pm,$34
1023,2018-04-25,Wednesday,10:50 am,3:14 pm,$24
1024,2018-04-25,Wednesday,5:15 pm,8:20 pm,$1
1025,2018-04-26,Thursday,8:15 am,12:14 pm,$1
1026,2018-04-26,Thursday,8:15 am,12:14 pm,$34
1027,2018-04-26,Thursday,10:50 am,3:14 pm,$24
1028,2018-04-26,Thursday,5:15 pm,8:20 pm,$1
1029,2018-04-27,Friday,8:15 am,12:14 pm,$24
1030,2018-04-27,Friday,8:15 am,12:14 pm,$34
1031,2018-04-27,Friday,10:50 am,3:14 pm,$24
1032,2018-04-27,Friday,5:15 pm,8:20 pm,$27
1033,2018-04-27,Friday,6:05 pm,9:55 pm,$24
1034,2018-04-28,Saturday,8:15 am,12:14 pm,$1
1035,2018-04-28,Saturday,8:15 am,12:14 pm,$34
1036,2018-04-28,Saturday,10:50 am,3:14 pm,$24
1037,2018-04-28,Saturday,5:15 pm,8:20 pm,$27
1038,2018-04-29,Sunday,8:15 am,12:14 pm,$1
1039,2018-04-29,Sunday,8:15 am,12:14 pm,$34
1040,2018-04-29,Sunday,10:50 am,3:14 pm,$24
1041,2018-04-29,Sunday,4:25 pm,8:20 pm,$26
1042,2018-04-29,Sunday,5:15 pm,8:20 pm,$27
1043,2018-04-29,Sunday,4:25 pm,8:35 pm,$24
1044,2018-04-30,Monday,8:15 am,12:14 pm,$24
1045,2018-04-30,Monday,8:15 am,12:14 pm,$34
1046,2018-04-30,Monday,10:50 am,3:14 pm,$24
1047,2018-04-30,Monday,5:15 pm,8:20 pm,$1
1048,2018-05-01,Tuesday,8:15 am,12:14 pm,$1
1049,2018-05-01,Tuesday,8:15 am,12:14 pm,$34
1050,2018-05-01,Tuesday,10:50 am,3:14 pm,$24
1051,2018-05-01,Tuesday,5:15 pm,8:20 pm,$1
1052,2018-05-02,Wednesday,8:15 am,12:14 pm,$1
1053,2018-05-02,Wednesday,8:15 am,12:14 pm,$34
1054,2018-05-02,Wednesday,10:50 am,3:14 pm,$24
1055,2018-05-02,Wednesday,5:15 pm,8:20 pm,$27
1056,2018-05-03,Thursday,8:15 am,12:14 pm,$1
1057,2018-05-03,Thursday,8:15 am,12:14 pm,$34
1058,2018-05-03,Thursday,10:50 am,3:14 pm,$24
1059,2018-05-03,Thursday,5:15 pm,8:20 pm,$27
1060,2018-05-04,Friday,8:15 am,12:14 pm,$24
1061,2018-05-04,Friday,8:15 am,12:14 pm,$34
1062,2018-05-04,Friday,10:50 am,3:14 pm,$24
1063,2018-05-04,Friday,5:15 pm,8:20 pm,$27
1064,2018-05-04,Friday,6:05 pm,9:55 pm,$24
1065,2018-05-05,Saturday,8:15 am,12:14 pm,$1
1066,2018-05-05,Saturday,8:15 am,12:14 pm,$34
1067,2018-05-05,Saturday,10:50 am,3:14 pm,$24
1068,2018-05-05,Saturday,5:15 pm,8:20 pm,$27
1069,2018-05-06,Sunday,8:15 am,12:14 pm,$1
1070,2018-05-06,Sunday,8:15 am,12:14 pm,$34
1071,2018-05-06,Sunday,10:50 am,3:14 pm,$24
1072,2018-05-06,Sunday,4:25 pm,8:20 pm,$26
1073,2018-05-06,Sunday,5:15 pm,8:20 pm,$27
1074,2018-05-06,Sunday,4:25 pm,8:35 pm,$24
1075,2018-05-07,Monday,8:15 am,12:14 pm,$1
1076,2018-05-07,Monday,8:15 am,12:14 pm,$34
1077,2018-05-07,Monday,10:50 am,3:14 pm,$24
1078,2018-05-07,Monday,5:15 pm,8:20 pm,$1
1079,2018-05-08,Tuesday,8:15 am,12:14 pm,$1
1080,2018-05-08,Tuesday,8:15 am,12:14 pm,$34
1081,2018-05-08,Tuesday,10:50 am,3:14 pm,$24
1082,2018-05-08,Tuesday,5:15 pm,8:20 pm,$1
1083,2018-05-09,Wednesday,8:15 am,12:14 pm,$1
1084,2018-05-09,Wednesday,8:15 am,12:14 pm,$34
1085,2018-05-09,Wednesday,10:50 am,3:14 pm,$24
1086,2018-05-09,Wednesday,5:15 pm,8:20 pm,$1
1087,2018-05-10,Thursday,8:15 am,12:14 pm,$1
1088,2018-05-10,Thursday,8:15 am,12:14 pm,$34
1089,2018-05-10,Thursday,10:50 am,3:14 pm,$24
1090,2018-05-10,Thursday,5:15 pm,8:20 pm,$1
1091,2018-05-11,Friday,8:15 am,12:14 pm,$1
1092,2018-05-11,Friday,8:15 am,12:14 pm,$34
1093,2018-05-11,Friday,10:50 am,3:14 pm,$24
1094,2018-05-11,Friday,5:15 pm,8:20 pm,$1
1095,2018-05-11,Friday,6:05 pm,9:55 pm,$34
1096,2018-05-12,Saturday,8:15 am,12:14 pm,$1
1097,2018-05-12,Saturday,8:15 am,12:14 pm,$34
1098,2018-05-12,Saturday,10:50 am,3:14 pm,$24
1099,2018-05-12,Saturday,5:15 pm,8:20 pm,$27
1100,2018-05-13,Sunday,8:15 am,12:14 pm,$1
1101,2018-05-13,Sunday,8:15 am,12:14 pm,$34
1102,2018-05-13,Sunday,10:50 am,3:14 pm,$24
1103,2018-05-13,Sunday,4:25 pm,8:20 pm,$26
1104,2018-05-13,Sunday,5:15 pm,8:20 pm,$27
1105,2018-05-13,Sunday,4:25 pm,8:35 pm,$25
1106,2018-05-14,Monday,8:15 am,12:14 pm,$24
1107,2018-05-14,Monday,8:15 am,12:14 pm,$34
1108,2018-05-14,Monday,10:50 am,3:14 pm,$24
1109,2018-05-14,Monday,5:15 pm,8:20 pm,$1
1110,2018-05-15,Tuesday,8:15 am,12:14 pm,$1
1111,2018-05-15,Tuesday,8:15 am,12:14 pm,$34
1112,2018-05-15,Tuesday,10:50 am,3:14 pm,$24
1113,2018-05-15,Tuesday,5:15 pm,8:20 pm,$1
1114,2018-05-16,Wednesday,8:15 am,12:14 pm,$1
1115,2018-05-16,Wednesday,8:15 am,12:14 pm,$34
1116,2018-05-16,Wednesday,10:50 am,3:14 pm,$24
1117,2018-05-16,Wednesday,5:15 pm,8:20 pm,$1
1118,2018-05-17,Thursday,8:15 am,12:14 pm,$1
1119,2018-05-17,Thursday,8:15 am,12:14 pm,$34
1120,2018-05-17,Thursday,10:50 am,3:14 pm,$24
1121,2018-05-17,Thursday,5:15 pm,8:20 pm,$1
1122,2018-05-18,Friday,8:15 am,12:14 pm,$1
1123,2018-05-18,Friday,8:15 am,12:14 pm,$34
1124,2018-05-18,Friday,10:50 am,3:14 pm,$24
1125,2018-05-18,Friday,5:15 pm,8:20 pm,$27
1126,2018-05-18,Friday,6:05 pm,9:55 pm,$24
1127,2018-05-19,Saturday,8:15 am,12:14 pm,$1
1128,2018-05-19,Saturday,8:15 am,12:14 pm,$34
1129,2018-05-19,Saturday,10:50 am,3:14 pm,$24
1130,2018-05-19,Saturday,5:15 pm,8:20 pm,$27
1131,2018-05-20,Sunday,8:15 am,12:14 pm,$1
1132,2018-05-20,Sunday,8:15 am,12:14 pm,$34
1133,2018-05-20,Sunday,10:50 am,3:14 pm,$24
1134,2018-05-20,Sunday,4:25 pm,8:20 pm,$26
1135,2018-05-20,Sunday,5:15 pm,8:20 pm,$27
1136,2018-05-20,Sunday,4:25 pm,8:35 pm,$24
1137,2018-05-21,Monday,8:15 am,12:14 pm,$1
1138,2018-05-21,Monday,8:15 am,12:14 pm,$34
1139,2018-05-21,Monday,10:50 am,3:14 pm,$24
1140,2018-05-21,Monday,5:15 pm,8:20 pm,$27
1141,2018-05-22,Tuesday,8:15 am,12:14 pm,$1
1142,2018-05-22,Tuesday,8:15 am,12:14 pm,$34
1143,2018-05-22,Tuesday,10:50 am,3:14 pm,$24
1144,2018-05-22,Tuesday,5:15 pm,8:20 pm,$1
1145,2018-05-23,Wednesday,8:15 am,12:14 pm,$1
1146,2018-05-23,Wednesday,8:15 am,12:14 pm,$34
1147,2018-05-23,Wednesday,10:50 am,3:14 pm,$24
1148,2018-05-23,Wednesday,5:15 pm,8:20 pm,$1
1149,2018-05-24,Thursday,8:15 am,12:14 pm,$1
1150,2018-05-24,Thursday,8:15 am,12:14 pm,$34
1151,2018-05-24,Thursday,10:50 am,3:14 pm,$24
1152,2018-05-24,Thursday,5:15 pm,8:20 pm,$1
1153,2018-05-25,Friday,8:15 am,12:14 pm,$1
1154,2018-05-25,Friday,8:15 am,12:14 pm,$34
1155,2018-05-25,Friday,10:50 am,3:14 pm,$1
1156,2018-05-25,Friday,5:15 pm,8:20 pm,$1
1157,2018-05-25,Friday,6:05 pm,9:55 pm,$24
1158,2018-05-26,Saturday,8:15 am,12:14 pm,$1
1159,2018-05-26,Saturday,8:15 am,12:14 pm,$34
1160,2018-05-26,Saturday,10:50 am,3:14 pm,$24
1161,2018-05-26,Saturday,5:15 pm,8:20 pm,$27
1162,2018-05-27,Sunday,8:15 am,12:14 pm,$1
1163,2018-05-27,Sunday,8:15 am,12:14 pm,$34
1164,2018-05-27,Sunday,10:50 am,3:14 pm,$24
1165,2018-05-27,Sunday,4:25 pm,8:20 pm,$26
1166,2018-05-27,Sunday,5:15 pm,8:20 pm,$27
1167,2018-05-27,Sunday,4:25 pm,8:35 pm,$24
1168,2018-05-28,Monday,8:15 am,12:14 pm,$24
1169,2018-05-28,Monday,8:15 am,12:14 pm,$34
1170,2018-05-28,Monday,10:50 am,3:14 pm,$24
1171,2018-05-28,Monday,5:15 pm,8:20 pm,$1
1172,2018-05-29,Tuesday,8:15 am,12:14 pm,$1
1173,2018-05-29,Tuesday,8:15 am,12:14 pm,$34
1174,2018-05-29,Tuesday,10:50 am,3:14 pm,$24
1175,2018-05-29,Tuesday,5:15 pm,8:20 pm,$1
1176,2018-05-30,Wednesday,8:15 am,12:14 pm,$1
1177,2018-05-30,Wednesday,8:15 am,12:14 pm,$34
1178,2018-05-30,Wednesday,10:50 am,3:14 pm,$24
1179,2018-05-30,Wednesday,5:15 pm,8:20 pm,$1
1180,2018-05-31,Thursday,8:15 am,12:14 pm,$1
1181,2018-05-31,Thursday,8:15 am,12:14 pm,$34
1182,2018-05-31,Thursday,10:50 am,3:14 pm,$24
1183,2018-05-31,Thursday,5:15 pm,8:20 pm,$1
1184,2018-06-01,Friday,8:15 am,12:14 pm,$1
1185,2018-06-01,Friday,8:15 am,12:14 pm,$34
1186,2018-06-01,Friday,10:50 am,3:14 pm,$24
1187,2018-06-01,Friday,5:15 pm,8:20 pm,$27
1188,2018-06-01,Friday,6:05 pm,9:55 pm,$24
1189,2018-06-02,Saturday,8:15 am,12:14 pm,$1
1190,2018-06-02,Saturday,8:15 am,12:14 pm,$34
1191,2018-06-02,Saturday,10:50 am,3:14 pm,$24
1192,2018-06-02,Saturday,5:15 pm,8:20 pm,$27
1193,2018-06-03,Sunday,8:15 am,12:14 pm,$1
1194,2018-06-03,Sunday,8:15 am,12:14 pm,$34
1195,2018-06-03,Sunday,10:50 am,3:14 pm,$24
1196,2018-06-03,Sunday,4:25 pm,8:20 pm,$1
1197,2018-06-03,Sunday,5:15 pm,8:20 pm,$1
1198,2018-06-03,Sunday,4:25 pm,8:35 pm,$1
1199,2018-06-04,Monday,8:15 am,12:14 pm,$1
1200,2018-06-04,Monday,8:15 am,12:14 pm,$34
1201,2018-06-04,Monday,10:50 am,3:14 pm,$1
1202,2018-06-04,Monday,5:15 pm,8:20 pm,$1
1203,2018-06-05,Tuesday,8:15 am,12:14 pm,$1
1204,2018-06-05,Tuesday,8:15 am,12:14 pm,$34
1205,2018-06-05,Tuesday,10:50 am,3:14 pm,$24
1206,2018-06-05,Tuesday,5:15 pm,8:20 pm,$1
1207,2018-06-06,Wednesday,8:15 am,12:14 pm,$1
1208,2018-06-06,Wednesday,8:15 am,12:14 pm,$34
1209,2018-06-06,Wednesday,10:50 am,3:14 pm,$24
1210,2018-06-06,Wednesday,5:15 pm,8:20 pm,$1
1211,2018-06-07,Thursday,8:15 am,12:14 pm,$1
1212,2018-06-07,Thursday,8:15 am,12:14 pm,$34
1213,2018-06-07,Thursday,10:50 am,3:14 pm,$24
1214,2018-06-07,Thursday,5:15 pm,8:20 pm,$1
1215,2018-06-08,Friday,8:15 am,12:14 pm,$1
1216,2018-06-08,Friday,8:15 am,12:14 pm,$34
1217,2018-06-08,Friday,10:50 am,3:14 pm,$24
1218,2018-06-08,Friday,5:15 pm,8:20 pm,$27
1219,2018-06-08,Friday,6:05 pm,9:55 pm,$24
1220,2018-06-09,Saturday,8:15 am,12:14 pm,$1
1221,2018-06-09,Saturday,8:15 am,12:14 pm,$34
1222,2018-06-09,Saturday,10:50 am,3:14 pm,$24
1223,2018-06-09,Saturday,5:15 pm,8:20 pm,$27
1224,2018-06-10,Sunday,8:15 am,12:14 pm,$1
1225,2018-06-10,Sunday,8:15 am,12:14 pm,$34
1226,2018-06-10,Sunday,10:50 am,3:14 pm,$24
1227,2018-06-10,Sunday,4:25 pm,8:20 pm,$26
1228,2018-06-10,Sunday,5:15 pm,8:20 pm,$27
1229,2018-06-10,Sunday,4:25 pm,8:35 pm,$25
1230,2018-06-11,Monday,8:15 am,12:14 pm,$1
1231,2018-06-11,Monday,8:15 am,12:14 pm,$34
1232,2018-06-11,Monday,10:50 am,3:14 pm,$24
1233,2018-06-11,Monday,5:15 pm,8:20 pm,$1
1234,2018-06-12,Tuesday,8:15 am,12:14 pm,$1
1235,2018-06-12,Tuesday,8:15 am,12:14 pm,$34
1236,2018-06-12,Tuesday,10:50 am,3:14 pm,$24
1237,2018-06-12,Tuesday,5:15 pm,8:20 pm,$1
1238,2018-06-13,Wednesday,8:15 am,12:14 pm,$1
1239,2018-06-13,Wednesday,8:15 am,12:14 pm,$34
1240,2018-06-13,Wednesday,10:50 am,3:14 pm,$24
1241,2018-06-13,Wednesday,5:15 pm,8:20 pm,$1
1242,2018-06-14,Thursday,8:15 am,12:14 pm,$1
1243,2018-06-14,Thursday,8:15 am,12:14 pm,$34
1244,2018-06-14,Thursday,10:50 am,3:14 pm,$24
1245,2018-06-14,Thursday,5:15 pm,8:20 pm,$1
1246,2018-06-15,Friday,8:15 am,12:14 pm,$1
1247,2018-06-15,Friday,8:15 am,12:14 pm,$34
1248,2018-06-15,Friday,10:50 am,3:14 pm,$24
1249,2018-06-15,Friday,5:15 pm,8:20 pm,$27
1250,2018-06-15,Friday,6:05 pm,9:55 pm,$24
1251,2018-06-16,Saturday,8:15 am,12:14 pm,$1
1252,2018-06-16,Saturday,8:15 am,12:14 pm,$34
1253,2018-06-16,Saturday,10:50 am,3:14 pm,$24
1254,2018-06-16,Saturday,5:15 pm,8:20 pm,$27
1255,2018-06-17,Sunday,8:15 am,12:14 pm,$1
1256,2018-06-17,Sunday,8:15 am,12:14 pm,$34
1257,2018-06-17,Sunday,10:50 am,3:14 pm,$24
1258,2018-06-17,Sunday,4:25 pm,8:20 pm,$26
1259,2018-06-17,Sunday,5:15 pm,8:20 pm,$27
1260,2018-06-17,Sunday,4:25 pm,8:35 pm,$24
1261,2018-06-18,Monday,8:15 am,12:14 pm,$1
1262,2018-06-18,Monday,8:15 am,12:14 pm,$34
1263,2018-06-18,Monday,10:50 am,3:14 pm,$24
1264,2018-06-18,Monday,5:15 pm,8:20 pm,$27
1265,2018-06-19,Tuesday,8:15 am,12:14 pm,$1
1266,2018-06-19,Tuesday,8:15 am,12:14 pm,$34
1267,2018-06-19,Tuesday,10:50 am,3:14 pm,$24
1268,2018-06-19,Tuesday,5:15 pm,8:20 pm,$1
1269,2018-06-20,Wednesday,8:15 am,12:14 pm,$1
1270,2018-06-20,Wednesday,8:15 am,12:14 pm,$34
1271,2018-06-20,Wednesday,10:50 am,3:14 pm,$24
1272,2018-06-20,Wednesday,5:15 pm,8:20 pm,$27
1273,2018-06-21,Thursday,8:15 am,12:14 pm,$1
1274,2018-06-21,Thursday,8:15 am,12:14 pm,$34
1275,2018-06-21,Thursday,10:50 am,3:14 pm,$24
1276,2018-06-21,Thursday,5:15 pm,8:20 pm,$1
1277,2018-06-22,Friday,8:15 am,12:14 pm,$1
1278,2018-06-22,Friday,8:15 am,12:14 pm,$34
1279,2018-06-22,Friday,10:50 am,3:14 pm,$24
1280,2018-06-22,Friday,5:15 pm,8:20 pm,$1
1281,2018-06-22,Friday,6:05 pm,9:55 pm,$24
1282,2018-06-23,Saturday,8:15 am,12:14 pm,$1
1283,2018-06-23,Saturday,8:15 am,12:14 pm,$34
1284,2018-06-23,Saturday,10:50 am,3:14 pm,$24
1285,2018-06-23,Saturday,5:15 pm,8:20 pm,$27
1286,2018-06-24,Sunday,8:15 am,12:14 pm,$1
1287,2018-06-24,Sunday,8:15 am,12:14 pm,$34
1288,2018-06-24,Sunday,10:50 am,3:14 pm,$24
1289,2018-06-24,Sunday,4:25 pm,8:20 pm,$26
1290,2018-06-24,Sunday,5:15 pm,8:20 pm,$27
1291,2018-06-24,Sunday,4:25 pm,8:35 pm,$24
1292,2018-06-25,Monday,8:15 am,12:14 pm,$1
1293,2018-06-25,Monday,8:15 am,12:14 pm,$34
1294,2018-06-25,Monday,10:50 am,3:14 pm,$24
1295,2018-06-25,Monday,5:15 pm,8:20 pm,$1
1296,2018-06-26,Tuesday,8:15 am,12:14 pm,$1
1297,2018-06-26,Tuesday,8:15 am,12:14 pm,$34
1298,2018-06-26,Tuesday,10:50 am,3:14 pm,$24
1299,2018-06-26,Tuesday,5:15 pm,8:20 pm,$27
1300,2018-06-27,Wednesday,8:15 am,12:14 pm,$1
1301,2018-06-27,Wednesday,8:15 am,12:14 pm,$34
1302,2018-06-27,Wednesday,10:50 am,3:14 pm,$24
1303,2018-06-27,Wednesday,5:15 pm,8:20 pm,$1
1304,2018-06-28,Thursday,8:15 am,12:14 pm,$1
1305,2018-06-28,Thursday,8:15 am,12:14 pm,$34
1306,2018-06-28,Thursday,10:50 am,3:14 pm,$24
1307,2018-06-28,Thursday,5:15 pm,8:20 pm,$1
1308,2018-06-29,Friday,8:15 am,12:14 pm,$1
1309,2018-06-29,Friday,8:15 am,12:14 pm,$34
1310,2018-06-29,Friday,10:50 am,3:14 pm,$24
1311,2018-06-29,Friday,5:15 pm,8:20 pm,$27
1312,2018-06-29,Friday,6:05 pm,9:55 pm,$24
1313,2018-06-30,Saturday,8:15 am,12:14 pm,$1
1314,2018-06-30,Saturday,8:15 am,12:14 pm,$34
1315,2018-06-30,Saturday,10:50 am,3:14 pm,$24
1316,2018-06-30,Saturday,5:15 pm,8:20 pm,$27
1317,2018-07-01,Sunday,8:15 am,12:14 pm,$1
1318,2018-07-01,Sunday,8:15 am,12:14 pm,$34
1319,2018-07-01,Sunday,10:50 am,3:14 pm,$24
1320,2018-07-01,Sunday,4:25 pm,8:20 pm,$26
1321,2018-07-01,Sunday,5:15 pm,8:20 pm,$1
1322,2018-07-01,Sunday,4:25 pm,8:35 pm,$24
1323,2018-07-02,Monday,8:15 am,12:14 pm,$1
1324,2018-07-02,Monday,8:15 am,12:14 pm,$34
1325,2018-07-02,Monday,10:50 am,3:14 pm,$24
1326,2018-07-02,Monday,5:15 pm,8:20 pm,$1
1327,2018-07-03,Tuesday,8:15 am,12:14 pm,$1
1328,2018-07-03,Tuesday,8:15 am,12:14 pm,$34
1329,2018-07-03,Tuesday,10:50 am,3:14 pm,$24
1330,2018-07-03,Tuesday,5:15 pm,8:20 pm,$1
1331,2018-07-04,Wednesday,8:15 am,12:14 pm,$1
1332,2018-07-04,Wednesday,8:15 am,12:14 pm,$34
1333,2018-07-04,Wednesday,10:50 am,3:14 pm,$24
1334,2018-07-04,Wednesday,5:15 pm,8:20 pm,$1
1335,2018-07-05,Thursday,8:15 am,12:14 pm,$1
1336,2018-07-05,Thursday,8:15 am,12:14 pm,$34
1337,2018-07-05,Thursday,10:50 am,3:14 pm,$24
1338,2018-07-05,Thursday,5:15 pm,8:20 pm,$1
1339,2018-07-06,Friday,8:15 am,12:14 pm,$1
1340,2018-07-06,Friday,8:15 am,12:14 pm,$34
1341,2018-07-06,Friday,10:50 am,3:14 pm,$24
1342,2018-07-06,Friday,5:15 pm,8:20 pm,$1
1343,2018-07-06,Friday,6:05 pm,9:55 pm,$24
1344,2018-07-07,Saturday,8:15 am,12:14 pm,$1
1345,2018-07-07,Saturday,8:15 am,12:14 pm,$34
1346,2018-07-07,Saturday,10:50 am,3:14 pm,$24
1347,2018-07-07,Saturday,5:15 pm,8:20 pm,$27
1348,2018-07-08,Sunday,8:15 am,12:14 pm,$1
1349,2018-07-08,Sunday,8:15 am,12:14 pm,$34
1350,2018-07-08,Sunday,10:50 am,3:14 pm,$24
1351,2018-07-08,Sunday,4:25 pm,8:20 pm,$26
1352,2018-07-08,Sunday,5:15 pm,8:20 pm,$27
1353,2018-07-08,Sunday,4:25 pm,8:35 pm,$25
1354,2018-07-09,Monday,8:15 am,12:14 pm,$1
1355,2018-07-09,Monday,8:15 am,12:14 pm,$34
1356,2018-07-09,Monday,10:50 am,3:14 pm,$24
1357,2018-07-09,Monday,5:15 pm,8:20 pm,$1
1358,2018-07-10,Tuesday,8:15 am,12:14 pm,$1
1359,2018-07-10,Tuesday,8:15 am,12:14 pm,$34
1360,2018-07-10,Tuesday,10:50 am,3:14 pm,$24
1361,2018-07-10,Tuesday,5:15 pm,8:20 pm,$1
1362,2018-07-11,Wednesday,8:15 am,12:14 pm,$1
1363,2018-07-11,Wednesday,8:15 am,12:14 pm,$34
1364,2018-07-11,Wednesday,10:50 am,3:14 pm,$24
1365,2018-07-11,Wednesday,5:15 pm,8:20 pm,$1
1366,2018-07-12,Thursday,8:15 am,12:14 pm,$1
1367,2018-07-12,Thursday,8:15 am,12:14 pm,$34
1368,2018-07-12,Thursday,10:50 am,3:14 pm,$24
1369,2018-07-12,Thursday,5:15 pm,8:20 pm,$27
1370,2018-07-13,Friday,8:15 am,12:14 pm,$1
1371,2018-07-13,Friday,8:15 am,12:14 pm,$34
1372,2018-07-13,Friday,10:50 am,3:14 pm,$24
1373,2018-07-13,Friday,5:15 pm,8:20 pm,$27
1374,2018-07-13,Friday,6:05 pm,9:55 pm,$24
1375,2018-07-14,Saturday,8:15 am,12:14 pm,$1
1376,2018-07-14,Saturday,8:15 am,12:14 pm,$34
1377,2018-07-14,Saturday,10:50 am,3:14 pm,$24
1378,2018-07-14,Saturday,5:15 pm,8:20 pm,$27
1379,2018-07-15,Sunday,8:15 am,12:14 pm,$1
1380,2018-07-15,Sunday,8:15 am,12:14 pm,$34
1381,2018-07-15,Sunday,10:50 am,3:14 pm,$24
1382,2018-07-15,Sunday,4:25 pm,8:20 pm,$26
1383,2018-07-15,Sunday,5:15 pm,8:20 pm,$1
1384,2018-07-15,Sunday,4:25 pm,8:35 pm,$24
1385,2018-07-16,Monday,8:15 am,12:14 pm,$1
1386,2018-07-16,Monday,8:15 am,12:14 pm,$34
1387,2018-07-16,Monday,10:50 am,3:14 pm,$24
1388,2018-07-16,Monday,5:15 pm,8:20 pm,$1
1389,2018-07-17,Tuesday,8:15 am,12:14 pm,$1
1390,2018-07-17,Tuesday,8:15 am,12:14 pm,$34
1391,2018-07-17,Tuesday,10:50 am,3:14 pm,$24
1392,2018-07-17,Tuesday,5:15 pm,8:20 pm,$1
1393,2018-07-18,Wednesday,8:15 am,12:14 pm,$1
1394,2018-07-18,Wednesday,8:15 am,12:14 pm,$34
1395,2018-07-18,Wednesday,10:50 am,3:14 pm,$24
1396,2018-07-18,Wednesday,5:15 pm,8:20 pm,$1
1397,2018-07-19,Thursday,8:15 am,12:14 pm,$1
1398,2018-07-19,Thursday,8:15 am,12:14 pm,$34
1399,2018-07-19,Thursday,10:50 am,3:14 pm,$24
1400,2018-07-19,Thursday,5:15 pm,8:20 pm,$1
1401,2018-07-20,Friday,8:15 am,12:14 pm,$1
1402,2018-07-20,Friday,8:15 am,12:14 pm,$34
1403,2018-07-20,Friday,10:50 am,3:14 pm,$24
1404,2018-07-20,Friday,5:15 pm,8:20 pm,$27
1405,2018-07-20,Friday,6:05 pm,9:55 pm,$24
1406,2018-07-21,Saturday,8:15 am,12:14 pm,$1
1407,2018-07-21,Saturday,8:15 am,12:14 pm,$34
1408,2018-07-21,Saturday,10:50 am,3:14 pm,$24
1409,2018-07-21,Saturday,5:15 pm,8:20 pm,$27
1410,2018-07-22,Sunday,8:15 am,12:14 pm,$1
1411,2018-07-22,Sunday,8:15 am,12:14 pm,$34
1412,2018-07-22,Sunday,10:50 am,3:14 pm,$24
1413,2018-07-22,Sunday,4:25 pm,8:20 pm,$26
1414,2018-07-22,Sunday,5:15 pm,8:20 pm,$27
1415,2018-07-22,Sunday,4:25 pm,8:35 pm,$24
1416,2018-07-23,Monday,8:15 am,12:14 pm,$1
1417,2018-07-23,Monday,8:15 am,12:14 pm,$34
1418,2018-07-23,Monday,10:50 am,3:14 pm,$24
1419,2018-07-23,Monday,5:15 pm,8:20 pm,$1
1420,2018-07-24,Tuesday,8:15 am,12:14 pm,$1
1421,2018-07-24,Tuesday,8:15 am,12:14 pm,$34
1422,2018-07-24,Tuesday,10:50 am,3:14 pm,$24
1423,2018-07-24,Tuesday,5:15 pm,8:20 pm,$1
1424,2018-07-25,Wednesday,8:15 am,12:14 pm,$1
1425,2018-07-25,Wednesday,8:15 am,12:14 pm,$34
1426,2018-07-25,Wednesday,10:50 am,3:14 pm,$24
1427,2018-07-25,Wednesday,5:15 pm,8:20 pm,$1
1428,2018-07-26,Thursday,8:15 am,12:14 pm,$1
1429,2018-07-26,Thursday,8:15 am,12:14 pm,$34
1430,2018-07-26,Thursday,10:50 am,3:14 pm,$24
1431,2018-07-26,Thursday,5:15 pm,8:20 pm,$1
1432,2018-07-27,Friday,8:15 am,12:14 pm,$1
1433,2018-07-27,Friday,8:15 am,12:14 pm,$34
1434,2018-07-27,Friday,10:50 am,3:14 pm,$24
1435,2018-07-27,Friday,5:15 pm,8:20 pm,$27
1436,2018-07-27,Friday,6:05 pm,9:55 pm,$24
1437,2018-07-28,Saturday,8:15 am,12:14 pm,$1
1438,2018-07-28,Saturday,8:15 am,12:14 pm,$34
1439,2018-07-28,Saturday,10:50 am,3:14 pm,$24
1440,2018-07-28,Saturday,5:15 pm,8:20 pm,$27
1441,2018-07-29,Sunday,8:15 am,12:14 pm,$1
1442,2018-07-29,Sunday,8:15 am,12:14 pm,$34
1443,2018-07-29,Sunday,10:50 am,3:14 pm,$24
1444,2018-07-29,Sunday,4:25 pm,8:20 pm,$26
1445,2018-07-29,Sunday,5:15 pm,8:20 pm,$27
1446,2018-07-29,Sunday,4:25 pm,8:35 pm,$24
1447,2018-07-30,Monday,8:15 am,12:14 pm,$1
1448,2018-07-30,Monday,8:15 am,12:14 pm,$34
1449,2018-07-30,Monday,10:50 am,3:14 pm,$24
1450,2018-07-30,Monday,5:15 pm,8:20 pm,$1
1451,2018-07-31,Tuesday,8:15 am,12:14 pm,$1
1452,2018-07-31,Tuesday,8:15 am,12:14 pm,$34
1453,2018-07-31,Tuesday,10:50 am,3:14 pm,$24
1454,2018-07-31,Tuesday,5:15 pm,8:20 pm,$1
1455,2018-08-01,Wednesday,8:15 am,12:14 pm,$1
1456,2018-08-01,Wednesday,8:15 am,12:14 pm,$34
1457,2018-08-01,Wednesday,10:50 am,3:14 pm,$24
1458,2018-08-01,Wednesday,5:15 pm,8:20 pm,$1
1459,2018-08-02,Thursday,8:15 am,12:14 pm,$1
1460,2018-08-02,Thursday,8:15 am,12:14 pm,$34
1461,2018-08-02,Thursday,10:50 am,3:14 pm,$24
1462,2018-08-02,Thursday,5:15 pm,8:20 pm,$1
1463,2018-08-03,Friday,8:15 am,12:14 pm,$1
1464,2018-08-03,Friday,8:15 am,12:14 pm,$34
1465,2018-08-03,Friday,10:50 am,3:14 pm,$24
1466,2018-08-03,Friday,5:15 pm,8:20 pm,$1
1467,2018-08-03,Friday,6:05 pm,9:55 pm,$24
1468,2018-08-04,Saturday,8:15 am,12:14 pm,$1
1469,2018-08-04,Saturday,8:15 am,12:14 pm,$34
1470,2018-08-04,Saturday,10:50 am,3:14 pm,$24
1471,2018-08-04,Saturday,5:15 pm,8:20 pm,$27
1472,2018-08-05,Sunday,8:15 am,12:14 pm,$1
1473,2018-08-05,Sunday,8:15 am,12:14 pm,$34
1474,2018-08-05,Sunday,10:50 am,3:14 pm,$24
1475,2018-08-05,Sunday,4:25 pm,8:20 pm,$26
1476,2018-08-05,Sunday,5:15 pm,8:20 pm,$27
1477,2018-08-05,Sunday,4:25 pm,8:35 pm,$24
1478,2018-08-06,Monday,8:15 am,12:14 pm,$1
1479,2018-08-06,Monday,8:15 am,12:14 pm,$34
1480,2018-08-06,Monday,10:50 am,3:14 pm,$24
1481,2018-08-06,Monday,5:15 pm,8:20 pm,$1
1482,2018-08-07,Tuesday,8:15 am,12:14 pm,$1
1483,2018-08-07,Tuesday,8:15 am,12:14 pm,$34
1484,2018-08-07,Tuesday,10:50 am,3:14 pm,$24
1485,2018-08-07,Tuesday,5:15 pm,8:20 pm,$1
1486,2018-08-08,Wednesday,8:15 am,12:14 pm,$1
1487,2018-08-08,Wednesday,8:15 am,12:14 pm,$34
1488,2018-08-08,Wednesday,10:50 am,3:14 pm,$24
1489,2018-08-08,Wednesday,5:15 pm,8:20 pm,$1
1490,2018-08-09,Thursday,8:15 am,12:14 pm,$1
1491,2018-08-09,Thursday,8:15 am,12:14 pm,$34
1492,2018-08-09,Thursday,10:50 am,3:14 pm,$24
1493,2018-08-09,Thursday,5:15 pm,8:20 pm,$1
1494,2018-08-10,Friday,8:15 am,12:14 pm,$1
1495,2018-08-10,Friday,8:15 am,12:14 pm,$34
1496,2018-08-10,Friday,10:50 am,3:14 pm,$24
1497,2018-08-10,Friday,5:15 pm,8:20 pm,$27
1498,2018-08-10,Friday,6:05 pm,9:55 pm,$24
1499,2018-08-11,Saturday,8:15 am,12:14 pm,$1
1500,2018-08-11,Saturday,8:15 am,12:14 pm,$34
1501,2018-08-11,Saturday,10:50 am,3:14 pm,$24
1502,2018-08-11,Saturday,5:15 pm,8:20 pm,$27
1503,2018-08-12,Sunday,8:15 am,12:14 pm,$1
1504,2018-08-12,Sunday,8:15 am,12:14 pm,$34
1505,2018-08-12,Sunday,10:50 am,3:14 pm,$24
1506,2018-08-12,Sunday,4:25 pm,8:20 pm,$26
1507,2018-08-12,Sunday,5:15 pm,8:20 pm,$27
1508,2018-08-12,Sunday,4:25 pm,8:35 pm,$24
1509,2018-08-13,Monday,8:15 am,12:14 pm,$1
1510,2018-08-13,Monday,8:15 am,12:14 pm,$34
1511,2018-08-13,Monday,10:50 am,3:14 pm,$24
1512,2018-08-13,Monday,5:15 pm,8:20 pm,$1
1513,2018-08-14,Tuesday,8:15 am,12:14 pm,$1
1514,2018-08-14,Tuesday,8:15 am,12:14 pm,$34
1515,2018-08-14,Tuesday,10:50 am,3:14 pm,$24
1516,2018-08-14,Tuesday,5:15 pm,8:20 pm,$1
1517,2018-08-15,Wednesday,8:15 am,12:14 pm,$1
1518,2018-08-15,Wednesday,8:15 am,12:14 pm,$34
1519,2018-08-15,Wednesday,10:50 am,3:14 pm,$24
1520,2018-08-15,Wednesday,5:15 pm,8:20 pm,$1
1521,2018-08-16,Thursday,8:15 am,12:14 pm,$1
1522,2018-08-16,Thursday,8:15 am,12:14 pm,$34
1523,2018-08-16,Thursday,10:50 am,3:14 pm,$24
1524,2018-08-16,Thursday,5:15 pm,8:20 pm,$27
1525,2018-08-17,Friday,8:15 am,12:14 pm,$1
1526,2018-08-17,Friday,8:15 am,12:14 pm,$34
1527,2018-08-17,Friday,10:50 am,3:14 pm,$24
1528,2018-08-17,Friday,5:15 pm,8:20 pm,$1
1529,2018-08-17,Friday,6:05 pm,9:55 pm,$24
1530,2018-08-18,Saturday,8:15 am,12:14 pm,$1
1531,2018-08-18,Saturday,8:15 am,12:14 pm,$34
1532,2018-08-18,Saturday,10:50 am,3:14 pm,$24
1533,2018-08-18,Saturday,5:15 pm,8:20 pm,$1
1534,2018-08-19,Sunday,8:15 am,12:14 pm,$1
1535,2018-08-19,Sunday,8:15 am,12:14 pm,$34
1536,2018-08-19,Sunday,10:50 am,3:14 pm,$24
1537,2018-08-19,Sunday,4:25 pm,8:20 pm,$26
1538,2018-08-19,Sunday,5:15 pm,8:20 pm,$27
1539,2018-08-19,Sunday,4:25 pm,8:35 pm,$24
1540,2018-08-20,Monday,8:15 am,12:14 pm,$1
1541,2018-08-20,Monday,8:15 am,12:14 pm,$34
1542,2018-08-20,Monday,10:50 am,3:14 pm,$24
1543,2018-08-20,Monday,5:15 pm,8:20 pm,$27
1544,2018-08-21,Tuesday,8:15 am,12:14 pm,$1
1545,2018-08-21,Tuesday,8:15 am,12:14 pm,$34
1546,2018-08-21,Tuesday,10:50 am,3:14 pm,$24
1547,2018-08-21,Tuesday,5:15 pm,8:20 pm,$1
1548,2018-08-22,Wednesday,8:15 am,12:14 pm,$1
1549,2018-08-22,Wednesday,8:15 am,12:14 pm,$34
1550,2018-08-22,Wednesday,10:50 am,3:14 pm,$24
1551,2018-08-22,Wednesday,5:15 pm,8:20 pm,$1
1552,2018-08-23,Thursday,8:15 am,12:14 pm,$1
1553,2018-08-23,Thursday,8:15 am,12:14 pm,$34
1554,2018-08-23,Thursday,10:50 am,3:14 pm,$24
1555,2018-08-23,Thursday,5:15 pm,8:20 pm,$1
1556,2018-08-24,Friday,8:15 am,12:14 pm,$1
1557,2018-08-24,Friday,8:15 am,12:14 pm,$34
1558,2018-08-24,Friday,10:50 am,3:14 pm,$24
1559,2018-08-24,Friday,5:15 pm,8:20 pm,$27
1560,2018-08-24,Friday,6:05 pm,9:55 pm,$24
1561,2018-08-25,Saturday,8:15 am,12:14 pm,$1
1562,2018-08-25,Saturday,8:15 am,12:14 pm,$34
1563,2018-08-25,Saturday,10:50 am,3:14 pm,$24
1564,2018-08-25,Saturday,5:15 pm,8:20 pm,$27
1565,2018-08-26,Sunday,8:15 am,12:14 pm,$1
1566,2018-08-26,Sunday,8:15 am,12:14 pm,$34
1567,2018-08-26,Sunday,10:50 am,3:14 pm,$1
1568,2018-08-26,Sunday,4:25 pm,8:20 pm,$26
1569,2018-08-26,Sunday,5:15 pm,8:20 pm,$27
1570,2018-08-26,Sunday,4:25 pm,8:35 pm,$24
1571,2018-08-27,Monday,8:15 am,12:14 pm,$1
1572,2018-08-27,Monday,8:15 am,12:14 pm,$34
1573,2018-08-27,Monday,10:50 am,3:14 pm,$24
1574,2018-08-27,Monday,5:15 pm,8:20 pm,$1
1575,2018-08-28,Tuesday,8:15 am,12:14 pm,$1
1576,2018-08-28,Tuesday,8:15 am,12:14 pm,$34
1577,2018-08-28,Tuesday,10:50 am,3:14 pm,$24
1578,2018-08-28,Tuesday,5:15 pm,8:20 pm,$1
1579,2018-08-29,Wednesday,8:15 am,12:14 pm,$1
1580,2018-08-29,Wednesday,8:15 am,12:14 pm,$34
1581,2018-08-29,Wednesday,10:50 am,3:14 pm,$24
1582,2018-08-29,Wednesday,5:15 pm,8:20 pm,$1
1583,2018-08-30,Thursday,8:15 am,12:14 pm,$1
1584,2018-08-30,Thursday,8:15 am,12:14 pm,$34
1585,2018-08-30,Thursday,10:50 am,3:14 pm,$24
1586,2018-08-30,Thursday,5:15 pm,8:20 pm,$1
1587,2018-08-31,Friday,8:15 am,12:14 pm,$1
1588,2018-08-31,Friday,8:15 am,12:14 pm,$34
1589,2018-08-31,Friday,10:50 am,3:14 pm,$1
1590,2018-08-31,Friday,5:15 pm,8:20 pm,$1
1591,2018-08-31,Friday,6:05 pm,9:55 pm,$24
1592,2018-09-01,Saturday,8:15 am,12:14 pm,$1
1593,2018-09-01,Saturday,8:15 am,12:14 pm,$34
1594,2018-09-01,Saturday,10:50 am,3:14 pm,$1
1595,2018-09-01,Saturday,5:15 pm,8:20 pm,$27
1596,2018-09-02,Sunday,8:15 am,12:14 pm,$1
1597,2018-09-02,Sunday,8:15 am,12:14 pm,$34
1598,2018-09-02,Sunday,10:50 am,3:14 pm,$1
1599,2018-09-02,Sunday,4:25 pm,8:20 pm,$26
1600,2018-09-02,Sunday,5:15 pm,8:20 pm,$1
1601,2018-09-02,Sunday,4:25 pm,8:35 pm,$24
1602,2018-09-03,Monday,8:15 am,12:14 pm,$1
1603,2018-09-03,Monday,8:15 am,12:14 pm,$34
1604,2018-09-03,Monday,10:50 am,3:14 pm,$24
1605,2018-09-03,Monday,5:15 pm,8:20 pm,$1
1606,2018-09-04,Tuesday,8:15 am,12:14 pm,$1
1607,2018-09-04,Tuesday,8:15 am,12:14 pm,$34
1608,2018-09-04,Tuesday,10:50 am,3:14 pm,$1
1609,2018-09-04,Tuesday,5:15 pm,8:20 pm,$1
1610,2018-09-05,Wednesday,8:15 am,12:14 pm,$1
1611,2018-09-05,Wednesday,8:15 am,12:14 pm,$34
1612,2018-09-05,Wednesday,10:50 am,3:14 pm,$1
1613,2018-09-05,Wednesday,5:15 pm,8:20 pm,$1
1614,2018-09-06,Thursday,8:15 am,12:14 pm,$1
1615,2018-09-06,Thursday,8:15 am,12:14 pm,$34
1616,2018-09-06,Thursday,10:50 am,3:14 pm,$1
1617,2018-09-06,Thursday,5:15 pm,8:20 pm,$1
